code,product_name,brands,main_category,categories,labels_tags,allergens,ingredients_text,sugars_100g,lactose_100g,polyols_100g,caffeine_100g,nutriscore_grade,nova_group,url,image_url,axes_sensibles,substitution_group,reason,fodmap_high_count,fodmap_moderate_count,fodmap_low_count,fodmap_detected,fodmap_safe
2000000025586,Spéculoos au lait végétal,Aux Caprices de Jess,en:biscuits-and-cakes,"Snacks, Snacks sucrés, Biscuits et gâteaux","en:no-preservatives,en:no-lactose,en:no-milk,fr:lait-vegetal",en:nuts,"lait végétal, _amandes_, ...",,,,,b,3,http://world-en.openfoodfacts.org/product/2000000025586/speculoos-au-lait-vegetal-aux-caprices-de-jess,https://images.openfoodfacts.org/images/products/200/000/002/5586/front_fr.4.400.jpg,lactose,lactose_free_dairy_or_alt,labels_tags indique sans lactose ou catégorie substitut laitier,0,0,0,Aucun,OUI
3596710479955,Maïs doux,Auchan Bio,en:canned-sweet-corn,"Aliments et boissons à base de végétaux,Aliments d'origine végétale,Aliments à base de fruits et de légumes,Conserves,Céréales et pommes de terre,Graines,Légumes et dérivés,Aliments à base de plantes en conserve,Céréales et dérivés,Légumes en conserve,Céréales en grains,Maïs,Céréales en conserve,Maïs doux,Maïs en conserve,Maïs doux en conserve, Frais, Aliments à base de plantes frais, Légumes frais","en:organic,en:eu-organic,en:fr-bio-01,en:green-dot,en:made-in-france,en:nutriscore,en:nutriscore-grade-a,fr:ab-agriculture-biologique,fr:triman,en:sans-sucre-ajoute",,"Maïs doux en grains**, eau, sel. **biologiques",5.2,,,,b,3,http://world-en.openfoodfacts.org/product/3596710479955/mais-doux-auchan-bio,https://images.openfoodfacts.org/images/products/359/671/047/9955/front_fr.68.400.jpg,sucre,general_safe_items,fallback: produit générique compatible S2I (selon ton filtrage amont),0,0,0,Aucun,OUI
3760324841174,Torsades bio maïs riz,La Fourche,af:fusilli,"Aliments et boissons à base de végétaux, Aliments d'origine végétale, Céréales et pommes de terre, Céréales et dérivés, en:Specific products, Pâtes alimentaires, en:Products for specific diets, Produits sans gluten, Pâtes sèches, Pâtes alimentaires sans gluten, Fusilli","en:no-gluten,en:organic,en:eu-organic,en:nutriscore,en:nutriscore-grade-a,fr:ab-agriculture-biologique",,"Farine de maïs jaune* (34%), farine de maïs blanc* (33%), farine  de riz* (33%). *Produits issus de l'Agriculture Biologique.",1.2,,,,b,1,http://world-en.openfoodfacts.org/product/3760324841174/torsades-bio-mais-riz-la-fourche,https://images.openfoodfacts.org/images/products/376/032/484/1174/front_fr.22.400.jpg,gluten,gluten_free_breads_pasta,labels_tags indique sans gluten / catégorie sans gluten,0,0,0,Aucun,OUI
3560070967728,Céréales bio fruits secs et graines No Gluten,Carrefour,en:bircher-style-mueslis-with-fruits,"Aliments et boissons à base de végétaux, Aliments d'origine végétale, Petit-déjeuners, Céréales et pommes de terre, Céréales et dérivés, Céréales pour petit-déjeuner, Céréales aux fruits, Mueslis, Mueslis floconneux, Mueslis aux fruits, Mueslis floconneux aux fruits","en:no-gluten,en:organic,en:crossed-grain-trademark,en:distributor-labels,en:eu-organic,en:non-eu-agriculture,en:carrefour-quality,en:dzg-gluten-free,en:eu-agriculture,en:eu-non-eu-agriculture,en:fr-bio-01,en:green-dot,en:made-in-france,fr:ab-agriculture-biologique",en:sesame-seeds,"Flocons de riz 34,8%, raisins secs 15,4% (raisins secs, huile de tournesol), flocons de quinoa 12,6%, pétales de maïs 7,7%, billettes de riz (riz, sel), graines de tournesol , figues sèches 4,6% (figues sèches, farine de riz), bananes séchées 4,6% (bananes séchées, farine de banane) sarrasin grillé, graines de sésame.",14,,,,c,3,http://world-en.openfoodfacts.org/product/3560070967728/cereales-bio-fruits-secs-et-graines-no-gluten-carrefour,https://images.openfoodfacts.org/images/products/356/007/096/7728/front_fr.40.400.jpg,gluten|sucre,gluten_free_breads_pasta,labels_tags indique sans gluten / catégorie sans gluten,0,0,0,Aucun,OUI
05885282,Petits pains de maïs Sans gluten,Lidl,en:breads-with-corn,"Aliments et boissons à base de végétaux, Aliments d'origine végétale, Céréales et pommes de terre, Céréales et dérivés, Pains, Pains au maïs","en:no-gluten,en:organic,en:nutriscore,en:nutriscore-grade-a",,"Eau, 29% amidon de mais, pâte levain de riz (farine de riz, eau), 6% flocons de millet, farine de graines de lin, huile de tournesol, farine de riz, 2% farine de mais, coques de psyllium, protéines de pois, dextrose, levure, sel de mer, épaississants: gomme guar, gomme xanthane; épices.",0.7,,,,c,4,http://world-en.openfoodfacts.org/product/05885282/petits-pains-de-mais-sans-gluten-lidl,https://images.openfoodfacts.org/images/products/000/000/588/5282/front_fr.3.400.jpg,gluten|legumineuses,gluten_free_breads_pasta,labels_tags indique sans gluten / catégorie sans gluten,0,0,0,Aucun,OUI
3760052231421,Pois Chiches Au Naturel,"Karine & Jeff, Le bonheur est dans le pot",en:canned-chickpeas,"Aliments et boissons à base de végétaux, Aliments d'origine végétale, Légumineuses et dérivés, Conserves, Légumineuses, Graines, Aliments à base de plantes en conserve, Graines de légumineuses, Légumineuses sèches, Pois chiches, Légumineuses en conserve, Pois chiches en conserve","en:no-gluten,en:organic,en:vegetarian,en:eu-organic,en:vegan,en:eu-agriculture,en:fr-bio-01,en:green-dot,fr:ab-agriculture-biologique",,"eau pure du parc régional du Haut Languedoc, pois chiches* (43,1% orig. Sud-Ouest), sel marin non raffiné, laurier*",2.8,,,,c,3,http://world-en.openfoodfacts.org/product/3760052231421/pois-chiches-au-naturel-karine-jeff,https://images.openfoodfacts.org/images/products/376/005/223/1421/front_fr.12.400.jpg,gluten|legumineuses,gluten_free_breads_pasta,labels_tags indique sans gluten / catégorie sans gluten,0,0,0,Aucun,OUI
3256225039449,Maïs doux,U,en:canned-corn,"Aliments et boissons à base de végétaux, Aliments d'origine végétale, Aliments à base de fruits et de légumes, Conserves, Céréales et pommes de terre, Graines, Légumes et dérivés, Aliments à base de plantes en conserve, Céréales et dérivés, Légumes en conserve, Céréales en grains, Maïs, Céréales en conserve, Maïs doux, Maïs en conserve","en:no-added-sugar,fr:mais-de-france,fr:triman",,"Mais doux en grains sans OGM* (France), Eau, sel.",5.2,,,,b,3,http://world-en.openfoodfacts.org/product/3256225039449/mais-doux-u,https://images.openfoodfacts.org/images/products/325/622/503/9449/front_en.11.400.jpg,sucre,low_sugar_snacks_breakfast,signal sucre (labels ou nutriments) + catégorie snack/petit-dej,0,0,0,Aucun,OUI
3760052230233,Petits pois extra-fins au naturel,"Karine & Jeff, Le bonheur est dans le pot",en:canned-peas,"Aliments et boissons à base de végétaux, Aliments d'origine végétale, Aliments à base de fruits et de légumes, Légumineuses et dérivés, Conserves, Légumineuses, Légumes et dérivés, Aliments à base de plantes en conserve, Légumes, Légumes en conserve, Légumineuses en conserve, Petits pois, Petits pois en conserve","en:no-gluten,en:organic",,"petits pois extra-fins* (99,5% | origine France), sel marin non raffiné, laurier*. *ingrédients issus de l'agriculture biologique.",3.8,,,,a,3,http://world-en.openfoodfacts.org/product/3760052230233/petits-pois-extra-fins-au-naturel-karine-jeff,https://images.openfoodfacts.org/images/products/376/005/223/0233/front_fr.5.400.jpg,gluten|legumineuses,gluten_free_breads_pasta,labels_tags indique sans gluten / catégorie sans gluten,0,0,0,Aucun,OUI
3596710488988,Maïs,Auchan,en:canned-sweet-corn,"Aliments et boissons à base de végétaux,Aliments d'origine végétale,Aliments à base de fruits et de légumes,Conserves,Céréales et pommes de terre,Graines,Légumes et dérivés,Aliments à base de plantes en conserve,Céréales et dérivés,Légumes en conserve,Céréales en grains,Maïs,Céréales en conserve,Maïs en conserve,Maïs doux en conserve,Maïs doux, Frais, Aliments à base de plantes frais, Légumes frais","en:no-added-sugar,en:nutriscore,en:nutriscore-grade-a",,"Maïs (origine France), eau, sel.",7.4,,,,c,3,http://world-en.openfoodfacts.org/product/3596710488988/mais-auchan,https://images.openfoodfacts.org/images/products/359/671/048/8988/front_fr.42.400.jpg,sucre,low_sugar_snacks_breakfast,signal sucre (labels ou nutriments) + catégorie snack/petit-dej,0,0,0,Aucun,OUI
3760138012043,Céréale infantile Riz et Carottes Prémibio,"LOU BIO, Prémibio, Prémilait",en:cereals-for-babies,"Aliments pour bébé, Céréales pour bébé","en:no-gluten,en:organic,en:eu-organic,en:no-gmos,en:no-added-sugar,fr:ab-agriculture-biologique,fr:sans-vitamine-de-synthese",,"Farine de riz, extrait de riz riche en vitamine B1 naturelle, carottes en poudre (6%), β-carotène naturel extrait d'algue (Dunaliella salina).",,,,,not-applicable,,http://world-en.openfoodfacts.org/product/3760138012043/cereale-infantile-riz-et-carottes-premibio-lou-bio,,gluten|sucre,gluten_free_breads_pasta,labels_tags indique sans gluten / catégorie sans gluten,0,0,0,Aucun,OUI
7624841878739,Farine de pois chiches,Coop Naturaplan,en:chickpea-flours,"Aliments et boissons à base de végétaux, Aliments d'origine végétale, Légumineuses et dérivés, Farines, Farines de légumineuses, Farines de pois chiche",en:no-gluten,,farine de pois chiches,2.4,,,,unknown,1,http://world-en.openfoodfacts.org/product/7624841878739/farine-de-pois-chiches-coop-naturaplan,https://images.openfoodfacts.org/images/products/762/484/187/8739/front_fr.3.400.jpg,gluten|legumineuses,gluten_free_breads_pasta,labels_tags indique sans gluten / catégorie sans gluten,0,0,0,Aucun,OUI
3045320104172,jus de clémentines pressées,Andros,en:clementine-juices,"Plant-based foods and beverages, Beverages, Plant-based beverages, Fruit-based beverages, Juices and nectars, Fruit juices, Squeezed-juices, Clementine juices, en:squeezed-fruit-juices","en:low-or-no-sugar,en:no-preservatives,en:no-added-sugar,en:no-colorings",,Jus de clémentines.,10,,,,c,1,http://world-en.openfoodfacts.org/product/3045320104172/jus-de-clementines-pressees-andros,https://images.openfoodfacts.org/images/products/304/532/010/4172/front_fr.717.400.jpg,sucre,low_sugar_snacks_breakfast,signal sucre (labels ou nutriments) + catégorie snack/petit-dej,0,0,0,Aucun,OUI
3596710523023,Avoine CacaoSans sucres ajoutés**Contient des sucres naturellement présents,Auchan Bio,en:cocoa-oat-based-drinks,"Aliments et boissons à base de végétaux, Boissons, Aliments d'origine végétale, Céréales et pommes de terre, Substituts de produits laitiers, Céréales et dérivés, Substituts du lait, Boissons à base de végétaux, Boissons végétales, Boissons végétales de céréales, Boissons à l'avoine, Boissons végétales d'avoine au cacao","en:organic,en:vegetarian,en:eu-organic,en:non-eu-agriculture,en:vegan,en:eu-agriculture,en:eu-non-eu-agriculture,en:european-vegetarian-union,en:european-vegetarian-union-vegan,en:fr-bio-01,en:no-added-sugar,en:nutriscore,en:nutriscore-grade-b,fr:ab-agriculture-biologique",,"Eau, AVOINE* 11% (origine UE), poudre de cacao maigre* 1,5%, huile de tournesol*, sel marin, stabilisants : gomme guar*, gomme xanthane *biologique",4.5,,,,c,4,http://world-en.openfoodfacts.org/product/3596710523023/avoine-cacaosans-sucres-ajoutes-contient-des-sucres-naturellement-presents-auchan-bio,https://images.openfoodfacts.org/images/products/359/671/052/3023/front_fr.31.400.jpg,gluten|lactose|sucre,lactose_free_dairy_or_alt,labels_tags indique sans lactose ou catégorie substitut laitier,0,0,0,Aucun,OUI
3252920038503,Dessert 100% végétal au riz et au chocolat,Grandeur Nature,en:cocoa-rice-desserts,"Aliments et boissons à base de végétaux, Substituts de produits laitiers, Desserts, Desserts végétaliens, Desserts au chocolat, Crèmes dessert végétaliennes, Desserts de riz, Crèmes dessert chocolat végétaliennes, Desserts de riz au cacao","en:no-gluten,en:organic,en:eu-organic,fr:ab-agriculture-biologique",,"Eau, chocolat en poudre* 13,4% (sucre*, poudre de cacao*), sucre*, farine de riz*, huile de coprah, amidon de riz*, lait de coco*, Algae (lithothamnium calcareum), sel. * Ingrédient issu de l'agriculture biologique",11.3,,,,c,3,http://world-en.openfoodfacts.org/product/3252920038503/dessert-100-vegetal-au-riz-et-au-chocolat-grandeur-nature,https://images.openfoodfacts.org/images/products/325/292/003/8503/front_fr.37.400.jpg,gluten|lactose|sucre,gluten_free_breads_pasta,labels_tags indique sans gluten / catégorie sans gluten,0,0,2,Aucun,OUI
8021164002695,Crème de coco bio,"Bio Petits Producteurs, Melauro, Melauso, Sans marque",en:coconut-based-creams-for-cooking,"Aliments et boissons à base de végétaux, Aliments d'origine végétale, Crèmes végétales, Crèmes végétales pour cuisiner, Crèmes végétales à base de coco pour cuisiner","en:no-gluten,en:organic,en:vegetarian,en:eu-organic,en:no-preservatives,en:vegan,en:it-bio-006,en:no-colorings,en:no-flavors,en:no-lactose",,"Noix de coco (40%), sucre de canne, huile de tournesol, amande, beurre de cacao",33.5,,,,d,3,http://world-en.openfoodfacts.org/product/8021164002695/creme-de-coco-bio-bio-petits-producteurs,https://images.openfoodfacts.org/images/products/802/116/400/2695/front_fr.6.400.jpg,gluten|lactose|sucre,gluten_free_breads_pasta,labels_tags indique sans gluten / catégorie sans gluten,0,0,1,Aucun,OUI
3560071511760,Maïs,Carrefour,en:corn,"Aliments et boissons à base de végétaux, Aliments d'origine végétale, Céréales et pommes de terre, Graines, Céréales et dérivés, Céréales en grains, Maïs",en:no-added-sugar,,"Mais doux en grains, eau, sel",,,,,e,3,http://world-en.openfoodfacts.org/product/3560071511760/mais-carrefour,,sucre,low_sugar_snacks_breakfast,signal sucre (labels ou nutriments) + catégorie snack/petit-dej,0,0,0,Aucun,OUI
3184340004809,Chips'O maïs nature,Pural,en:corn-chips,"Aliments et boissons à base de végétaux, Aliments d'origine végétale, Snacks, Céréales et pommes de terre, Snacks salés, Amuse-gueules, Céréales et dérivés, Chips et frites, Chips, Chips de maïs","en:no-gluten,en:organic,en:vegetarian,en:eu-organic,en:non-eu-agriculture,en:vegan,en:be-bio-02,en:eu-agriculture,en:eu-non-eu-agriculture,en:made-in-belgium,en:no-palm-oil",,"Farine de maïs* (77,7%) [UE], huile de tournesol, sel marin. *issu de l'agriculture biologique.",1.5,,,,c,3,http://world-en.openfoodfacts.org/product/3184340004809/chips-o-mais-nature-pural,https://images.openfoodfacts.org/images/products/318/434/000/4809/front_fr.21.400.jpg,gluten,gluten_free_breads_pasta,labels_tags indique sans gluten / catégorie sans gluten,0,0,0,Aucun,OUI
3560071006822,Maïs,"Carrefour, Carrefour Classic'",en:corn-grain,"Aliments et boissons à base de végétaux, Aliments d'origine végétale, Aliments à base de fruits et de légumes, Conserves, Céréales et pommes de terre, Graines, Légumes et dérivés, Aliments à base de plantes en conserve, Céréales et dérivés, Légumes en conserve, Céréales en grains, Maïs, Céréales en conserve, Maïs doux, Maïs en conserve, Maïs doux en conserve, Maïs en grain","en:no-gmos,en:green-dot,en:grown-in-france,en:no-added-sugar,en:nutriscore,en:nutriscore-grade-a,en:without-pesticide-residues,fr:triman",,"Maïs doux en grains, eau, sel. (1) Contient des sucres naturellement présents",5.5,,,,b,3,http://world-en.openfoodfacts.org/product/3560071006822/mais-carrefour,https://images.openfoodfacts.org/images/products/356/007/100/6822/front_fr.104.400.jpg,sucre,low_sugar_snacks_breakfast,signal sucre (labels ou nutriments) + catégorie snack/petit-dej,0,0,1,Aucun,OUI
3256229791459,"Couscous de maïs sans gluten, 375g","U, U Sans Gluten",en:corn-semolinas,"Aliments et boissons à base de végétaux, Aliments d'origine végétale, Céréales et pommes de terre, Céréales et dérivés, Semoules de céréales, Semoules de maïs","en:no-gluten,en:crossed-grain-trademark,en:dzg-gluten-free,en:fsc,en:nutriscore,en:nutriscore-grade-a",,Farine de maïs 100% origine : farine de maïs europe,0.5,,,,a,1,http://world-en.openfoodfacts.org/product/3256229791459/couscous-de-mais-sans-gluten-375g-u,https://images.openfoodfacts.org/images/products/325/622/979/1459/front_fr.3.400.jpg,gluten,gluten_free_breads_pasta,labels_tags indique sans gluten / catégorie sans gluten,0,0,0,Aucun,OUI
3165440003510,Fleur De Maïs Maïsla,"Tipiak, Tipiak Restauration",en:corn-starch,"Aliments et boissons à base de végétaux, Aliments d'origine végétale, Céréales et pommes de terre, Céréales et dérivés, Amidons, Amidons de céréales, Amidon de maïs","en:no-gluten,en:green-dot,en:products-for-professional-use",,"100% amidon de maïs, _sulfites_.",0,,,,c,2,http://world-en.openfoodfacts.org/product/3165440003510/fleur-de-mais-maisla-tipiak,https://images.openfoodfacts.org/images/products/316/544/000/3510/front_fr.15.400.jpg,gluten,gluten_free_breads_pasta,labels_tags indique sans gluten / catégorie sans gluten,0,0,0,Aucun,OUI
3350033289253,Couscous semoule de maïs,Monoprix,en:couscous,"Aliments et boissons à base de végétaux, Aliments d'origine végétale, Céréales et pommes de terre, Céréales et dérivés, Plats préparés, Semoules de céréales, Semoules de maïs, Couscous","en:no-gluten,en:crossed-grain-trademark,en:dzg-gluten-free",,Semoule de maïs.,0,,,,b,3,http://world-en.openfoodfacts.org/product/3350033289253/couscous-semoule-de-mais-monoprix,https://images.openfoodfacts.org/images/products/335/003/328/9253/front_fr.20.400.jpg,gluten,gluten_free_breads_pasta,labels_tags indique sans gluten / catégorie sans gluten,0,0,0,Aucun,OUI
3361291956016,Pruneaux sans sucres ajoutés,Pruni,en:dried-prunes,"Aliments et boissons à base de végétaux, Aliments d'origine végétale, Aliments à base de fruits et de légumes, Fruits et produits dérivés, Produits déshydratés, Fruits, Aliments à base de plantes séchées, Fruits secs, Pruneaux","en:no-preservatives,en:no-added-sugar,fr:sud-de-france,fr:triman",,"Pruneaux issus de l'agriculture française, eau, extrait de vanille Bourbon.",30.7,,,,c,1,http://world-en.openfoodfacts.org/product/3361291956016/pruneaux-sans-sucres-ajoutes-pruni,https://images.openfoodfacts.org/images/products/336/129/195/6016/front_fr.23.400.jpg,sucre,low_sugar_snacks_breakfast,signal sucre (labels ou nutriments) + catégorie snack/petit-dej,0,0,0,Aucun,OUI
3456300005820,Couscous Oriental Semoule Maïs Et Riz Bio Sans Gluten,Léa Nature Jardin Bio,en:durum-wheat-semolinas,"Aliments et boissons à base de végétaux, Aliments d'origine végétale, Céréales et pommes de terre, Céréales et dérivés, Semoules de céréales, Semoules de blé, Semoules de blé dur","en:no-gluten,en:organic,en:vegetarian,en:eu-organic,en:non-eu-agriculture,en:vegan,en:eu-agriculture,en:eu-non-eu-agriculture,en:european-vegetarian-union,en:european-vegetarian-union-vegan,en:fr-bio-01,en:no-lactose,fr:ab-agriculture-biologique","en:gluten,en:milk",LÉA NATURE Jardin Bio GLUTEN free vegan sans IACTOSE Couscous oriental semoule mais riz fabriqué France CERTIFIE AB 250 FR 810 01,2.9,,,,c,,http://world-en.openfoodfacts.org/product/3456300005820/couscous-oriental-semoule-mais-et-riz-bio-sans-gluten-lea-nature-jardin-bio,https://images.openfoodfacts.org/images/products/345/630/000/5820/front_fr.27.400.jpg,gluten|lactose,gluten_free_breads_pasta,labels_tags indique sans gluten / catégorie sans gluten,0,0,0,Aucun,OUI
3596710484522,Maïs croquant,Auchan,en:fresh-vegetables,"Aliments et boissons à base de végétaux, Aliments d'origine végétale, Aliments à base de fruits et de légumes, Aliments et boissons à base de légumes, Légumes et dérivés, Frais, Aliments à base de plantes frais, Légumes frais","en:no-added-sugar,en:nutriscore,en:nutriscore-grade-a",,"Maïs doux en grains, eau, sel",7.4,,,,b,3,http://world-en.openfoodfacts.org/product/3596710484522/mais-croquant-auchan,https://images.openfoodfacts.org/images/products/359/671/048/4522/front_fr.31.400.jpg,sucre,low_sugar_snacks_breakfast,signal sucre (labels ou nutriments) + catégorie snack/petit-dej,0,0,0,Aucun,OUI
3041090070365,Blédi à boire multivitamines Oranges,"Blédina, Danone",en:from-4-months,"Aliments pour bébé, Goûters et desserts pour bébé, Boissons pour bébé, Dès 4 mois",en:no-gluten,,"Jus d'oranges 97.4 %, bananes, vitamines : vitamine C, vitamine B1, vitamine B2, vitamine PP, vitamine B6, vitamine B8, vitamine B5",,,,,not-applicable,1,http://world-en.openfoodfacts.org/product/3041090070365/bledi-a-boire-multivitamines-oranges-bledina,https://images.openfoodfacts.org/images/products/304/109/007/0365/front_fr.26.400.jpg,gluten,gluten_free_breads_pasta,labels_tags indique sans gluten / catégorie sans gluten,0,0,0,Aucun,OUI
3176572516007,"Petits Filous Aux Fruits Panachés 6,9 %",Yoplait,en:fruits-flavoured-fat-fresh-cream-cheese,Fromage frais aromatisé aux fruits,en:no-gluten,en:milk,"entier (Lait ecreme et Creme (Framboise ou Fra:2t cu Aortcot) • Amidon transforme de mats • Jus de sureau • Colorants , E120, El oo • : E410 E412, E415 - Arômes - Phosphate de Calcium • Correcteur dècidjté E330, sans",12.6,,,,c,4,http://world-en.openfoodfacts.org/product/3176572516007/petits-filous-aux-fruits-panaches-6-9-yoplait,https://images.openfoodfacts.org/images/products/317/657/251/6007/front_fr.4.400.jpg,gluten|lactose|sucre|ultra_transforme,gluten_free_breads_pasta,labels_tags indique sans gluten / catégorie sans gluten,0,0,0,Aucun,OUI
3760322500349,GHEE  - Beurre clarifié,Nutripure,en:ghee,"Produits laitiers, Matières grasses, Produits à tartiner, Surgelés, Matières grasses à tartiner, Matières grasses animales, Matière grasse laitière, en:dairy-spread, Beurres, Matière grasse de beurre, Beurre clarifié, Ghi","en:organic,en:eu-organic,en:nl-bio-01,en:no-lactose,fr:ab-agriculture-biologique",,Beurre clarifié,0,,,,e,2,http://world-en.openfoodfacts.org/product/3760322500349/ghee-beurre-clarifie-nutripure,https://images.openfoodfacts.org/images/products/376/032/250/0349/front_fr.15.400.jpg,lactose,lactose_free_dairy_or_alt,labels_tags indique sans lactose ou catégorie substitut laitier,0,0,0,Aucun,OUI
3347430388832,Penne de maïs,Moulin des Moines,en:gluten-free-penne,"Aliments et boissons à base de végétaux, Aliments d'origine végétale, Céréales et pommes de terre, Céréales et dérivés, en:Specific products, Pâtes alimentaires, en:Products for specific diets, Produits sans gluten, Pâtes alimentaires sans gluten, Pâtes de maïs, Penne sans gluten","en:no-gluten,en:organic,en:eu-organic,en:fr-bio-01,fr:ab-agriculture-biologique,fr:agriculture-italie",,Farine de maïs*.,0.5,,,,b,1,http://world-en.openfoodfacts.org/product/3347430388832/penne-de-mais-moulin-des-moines,https://images.openfoodfacts.org/images/products/334/743/038/8832/front_fr.4.400.jpg,gluten,gluten_free_breads_pasta,labels_tags indique sans gluten / catégorie sans gluten,0,0,0,Aucun,OUI
3254560025899,Jus de pamplemousse rose à base de concentréteneur en fruits 100%Riche en vitamine CSans sucres ajoutés** Comme tous les jus de fruits . Contient les sucres naturellement présents dans les fruits.,Auchan,en:grapefruit-juices-from-concentrate,"Aliments et boissons à base de végétaux, Boissons, Boissons à base de végétaux, Boissons aux fruits, Jus et nectars, Jus de fruits, Jus de fruits à base de concentré, Jus de pamplemousse, Jus de pamplemousse à base de concentré","en:fsc,en:no-added-sugar,en:nutriscore,en:nutriscore-grade-b",,Jus de pamplemousse rose à base de jus de pamplemousse rose concentré.,7.5,,,,d,,http://world-en.openfoodfacts.org/product/3254560025899/jus-de-pamplemousse-rose-a-base-de-concentreteneur-en-fruits-100-riche-en-vitamine-csans-sucres-ajoutes-comme-tous-les-jus-de-fruits-contient-les-sucres-naturellement-presents-dans-les-fruits-auchan,https://images.openfoodfacts.org/images/products/325/456/002/5899/front_en.33.400.jpg,sucre,low_sugar_snacks_breakfast,signal sucre (labels ou nutriments) + catégorie snack/petit-dej,0,0,0,Aucun,OUI
3760214930117,Thé Vert au Jus de Citrons,"Herbalist, Herbalist Infusions Véritables",en:iced-teas,"Aliments et boissons à base de végétaux, Boissons, Boissons à base de végétaux, Boissons au thé, Thés glacés","en:low-or-no-sugar,en:organic,en:eu-organic,en:no-added-sugar,en:no-additives,en:no-caffeine,en:no-flavors,fr:ab-agriculture-biologique",,"Infusion de Sencha* 94,2% (eau, feuilles de Thé Sencha), jus(1) de raisin blanc* 4,5%, pur jus de citron vert 0,9%, jus(1) de citron* 0,4%.  *Issu de l'agriculture biologique.  (1) A base de concentré.",2.8,,,,c,1,http://world-en.openfoodfacts.org/product/3760214930117/the-vert-au-jus-de-citrons-herbalist,https://images.openfoodfacts.org/images/products/376/021/493/0117/front_fr.29.400.jpg,sucre|cafeine,low_sugar_snacks_breakfast,signal sucre (labels ou nutriments) + catégorie snack/petit-dej,0,0,0,Aucun,OUI
3596710480111,"TONUS* Orange, Raisin, Kiwi, Citron vert - 100% Pur Jus - Riche en Vitamine C.* La vitamine C contribue à réduire la fatigue",Auchan,en:lemons,"Plant-based foods and beverages, Plant-based foods, Fruits and vegetables based foods, Fruits based foods, Fruits, Citrus, Grapes, Kiwis, Lemons, en:fruit-juices",en:no-added-sugar,,"Jus d'orange (50%), jus de raisin (34%), purée de kiwi (15%), jus de citron vert (1%).",10,,,,c,1,http://world-en.openfoodfacts.org/product/3596710480111/tonus-orange-raisin-kiwi-citron-vert-100-pur-jus-riche-en-vitamine-c-la-vitamine-c-contribue-a-reduire-la-fatigue-auchan,https://images.openfoodfacts.org/images/products/359/671/048/0111/front_fr.18.400.jpg,sucre,low_sugar_snacks_breakfast,signal sucre (labels ou nutriments) + catégorie snack/petit-dej,0,0,0,Aucun,OUI
5410221305382,Citron vert à diluer sans sucres ajoutés,Pulco,en:lime-syrups,"Boissons, Sirops, Sirops aromatisés, Sirops de citron, Sirops de citron vert",en:no-added-sugar,,"eau, jus de citron vert à base de concentré (équivalent à 36% de jus reconstitué), pulpes de citron 4%, acidifiant acide citrique, extrait de citron vert.",0.8,,,,unknown,1,http://world-en.openfoodfacts.org/product/5410221305382/citron-vert-a-diluer-sans-sucres-ajoutes-pulco,https://images.openfoodfacts.org/images/products/541/022/130/5382/front_fr.32.400.jpg,sucre,low_sugar_snacks_breakfast,signal sucre (labels ou nutriments) + catégorie snack/petit-dej,0,0,0,Aucun,OUI
3428273160035,Matin léger - Boisson au lait au chocolat,Lactel,en:low-lactose-milk,"Boissons, Produits laitiers, Boissons lactées, Laits, Laits aromatisés, Laits aromatisés au chocolat, Laits à teneur réduite en lactose",en:no-lactose,,"Lait délactosé (Origine France) (94%) (Lait partiellement écrémé, lactase), chocolat en poudre (5%) (sucre, cacao), sucre (0,8%), stabilisants : cellulose, gomme de cellulose, carraghénanes, arôme et vitamine D. Bien agiter avant ouverture.",8.9,,,,c,4,http://world-en.openfoodfacts.org/product/3428273160035/matin-leger-boisson-au-lait-au-chocolat-lactel,https://images.openfoodfacts.org/images/products/342/827/316/0035/front_fr.4.400.jpg,lactose|sucre|ultra_transforme,lactose_free_dairy_or_alt,labels_tags indique sans lactose ou catégorie substitut laitier,0,0,2,Aucun,OUI
3330720244031,Myrtille sans sucres ajoutés,Lucien Georgelin,en:low-sugar-fruit-jam,"Aliments et boissons à base de végétaux, Aliments d'origine végétale, Petit-déjeuners, Produits à tartiner, Pâtes à tartiner végétales, Produits à tartiner sucrés, Confitures et marmelades, Confitures, Confitures de fruits rouges, Confitures de myrtilles, Confiture de fruits allégée en sucres","en:no-preservatives,en:made-in-france,en:no-added-sugar,en:nutriscore,en:nutriscore-grade-a",,"Myrtilles 65% (origine UE/non-UE), fibre naturelle soluble, gélifiants : pectine, jus de citron concentré.",27,,,,b,4,http://world-en.openfoodfacts.org/product/3330720244031/myrtille-sans-sucres-ajoutes-lucien-georgelin,https://images.openfoodfacts.org/images/products/333/072/024/4031/front_fr.27.400.jpg,sucre,low_sugar_snacks_breakfast,signal sucre (labels ou nutriments) + catégorie snack/petit-dej,0,0,0,Aucun,OUI
3760052230660,fruits des bois à la vanille,"Karine & Jeff, Le bonheur est dans le pot",en:mixed-berry-jams,"Aliments et boissons à base de végétaux, Aliments d'origine végétale, Aliments à base de fruits et de légumes, Petit-déjeuners, Produits à tartiner, Fruits et produits dérivés, Pâtes à tartiner végétales, Produits à tartiner sucrés, Confitures et marmelades, Confitures, Confitures de fruits rouges, Confitures multifruits, Confitures de fruits rouges mélanges","en:no-gluten,en:organic,en:eu-organic,en:fr-bio-01",,"Valeurs nutritionmel sucre de canne roux*, framboises* (30%), fraises* (20%), myrtilles* (10%), épaississant : agar-agar*, écorces de vanille*.",42,,,,d,4,http://world-en.openfoodfacts.org/product/3760052230660/fruits-des-bois-a-la-vanille-karine-jeff,https://images.openfoodfacts.org/images/products/376/005/223/0660/front_fr.45.400.jpg,gluten|sucre,gluten_free_breads_pasta,labels_tags indique sans gluten / catégorie sans gluten,0,0,1,Aucun,OUI
3256224761129,Nectar orange/pêche/abricot sans sucres ajoutés brique 1L,U,en:multifruit-nectars,"Aliments et boissons à base de végétaux, Boissons, Boissons à base de végétaux, Boissons aux fruits, Jus et nectars, Nectars de fruits, Nectars multifruits, Boissons et préparations de boissons, Jus de fruits et légumes","en:fsc,en:no-added-sugar,en:nutriscore,en:nutriscore-grade-b,en:transformed-in-france",en:orange,"Jus et purées de fruits à base de concentrés 84%: pêche 34.5%, raisin 33.5%, orange 10% et abricot 6%, eau, antioxydant: acide ascorbique.",10.1,,,,c,1,http://world-en.openfoodfacts.org/product/3256224761129/nectar-orange-peche-abricot-sans-sucres-ajoutes-brique-1l-u,https://images.openfoodfacts.org/images/products/325/622/476/1129/front_fr.57.400.jpg,sucre,low_sugar_snacks_breakfast,signal sucre (labels ou nutriments) + catégorie snack/petit-dej,0,0,0,Aucun,OUI
0051500040164,Confiture orange sans sucre ajouté,Smucker's,en:orange-jams,"Aliments et boissons à base de végétaux, Aliments d'origine végétale, Petit-déjeuners, Produits à tartiner, Pâtes à tartiner végétales, Produits à tartiner sucrés, Confitures et marmelades, Confitures, Confitures d'agrumes, Confitures d'orange","en:natural-flavors,en:no-added-sugar",,"jūs d'orange reconstitué et zestes, jus de raisin he blanc concentré, eau, pectine, acide citrique, gomme de guar, sorbate de potassium, chlorure de calcium, šucralose, aróme naturel, colorant, 7 mg de sucralose par portion de 15 ml % imported by / importé par 101",5,,,,b,4,http://world-en.openfoodfacts.org/product/0051500040164/confiture-orange-sans-sucre-ajoute-smucker-s,https://images.openfoodfacts.org/images/products/005/150/004/0164/front_fr.4.400.jpg,sucre,low_sugar_snacks_breakfast,signal sucre (labels ou nutriments) + catégorie snack/petit-dej,0,0,0,Aucun,OUI
3660668001978,1.2.3 fruits jus d'orange,1 2 3 Fruits,en:orange-juices-from-concentrate,"Aliments et boissons à base de végétaux, Boissons, Aliments d'origine végétale, Boissons à base de végétaux, Boissons aux fruits, Jus et nectars, Jus de fruits, Jus de fruits à base de concentré, Jus d'orange, Jus d'orange à base de concentré","en:low-or-no-sugar,en:fsc,en:fsc-mix,en:no-added-sugar,en:fsc-c014047",,Jus d'orange à base de concentré.,8.2,,,,c,1,http://world-en.openfoodfacts.org/product/3660668001978/1-2-3-fruits-jus-d-orange,https://images.openfoodfacts.org/images/products/366/066/800/1978/front_fr.26.400.jpg,sucre,low_sugar_snacks_breakfast,signal sucre (labels ou nutriments) + catégorie snack/petit-dej,0,0,0,Aucun,OUI
3301594000252,Compote de pêches jaunes avec morceaux,Coteaux nantais,en:peach-compotes,"Aliments et boissons à base de végétaux,Aliments d'origine végétale,Aliments à base de fruits et de légumes,Desserts,Fruits et produits dérivés,Compotes,Compotes de pomme,Compotes de pêche","en:no-gluten,en:organic,en:eu-organic,en:non-eu-agriculture,en:eu-agriculture,en:eu-non-eu-agriculture,en:fr-bio-01,en:green-dot,fr:ab-agriculture-biologique,fr:agriculture-bio-ue-et-non-ue",,"Pêches jaunes* 85%, sucre de canne* 15%, *ingrédients issus de l'agriculture biologique.",25,,,,c,3,http://world-en.openfoodfacts.org/product/3301594000252/compote-de-peches-jaunes-avec-morceaux-coteaux-nantais,https://images.openfoodfacts.org/images/products/330/159/400/0252/front_fr.46.400.jpg,gluten|sucre,gluten_free_breads_pasta,labels_tags indique sans gluten / catégorie sans gluten,0,0,1,Aucun,OUI
8436029241544,Jus de pêche biologique,Delizum,en:peach-juices,"Aliments et boissons à base de végétaux, Boissons, Boissons à base de végétaux, Boissons aux fruits, Jus et nectars, Jus de fruits, Jus de pêche","en:no-gluten,en:organic,en:eu-organic,en:es-eco-024-mu,en:green-dot",,Jus de pêche à partir de cremé* et concentré* (*issu de l'agriculture biologique).,9.9499998092651,,,,e,,http://world-en.openfoodfacts.org/product/8436029241544/jus-de-peche-biologique-delizum,https://images.openfoodfacts.org/images/products/843/602/924/1544/front_fr.4.400.jpg,gluten|lactose,gluten_free_breads_pasta,labels_tags indique sans gluten / catégorie sans gluten,0,0,0,Aucun,OUI
3329489422507,Pennes pois chiches et maïs,Markal,en:penne,"Aliments et boissons à base de végétaux, Aliments d'origine végétale, Légumineuses et dérivés, Céréales et pommes de terre, Céréales et dérivés, en:Specific products, Pâtes alimentaires, en:Products for specific diets, Produits sans gluten, Pâtes sèches, Pâtes alimentaires sans gluten, Pâtes sèches sans gluten, Pâtes de maïs, Penne sans gluten, Penne","en:no-gluten,en:organic,en:eu-organic,en:source-of-fibre,en:eu-agriculture,en:fr-bio-01,en:high-fibres,en:it-bio-009,en:made-in-italy,fr:ab-agriculture-biologique",,"Farine de pois chiches biologiques (51%), farine de maïs biologique (49%)",1.8,,,,a,1,http://world-en.openfoodfacts.org/product/3329489422507/pennes-pois-chiches-et-mais-markal,https://images.openfoodfacts.org/images/products/332/948/942/2507/front_en.7.400.jpg,gluten|legumineuses,gluten_free_breads_pasta,labels_tags indique sans gluten / catégorie sans gluten,0,0,0,Aucun,OUI
3350031899461,"Ananas en morceaux au jus d'ananas, certifié AB",Monoprix bio,en:pineapple,"Aliments et boissons à base de végétaux, Aliments d'origine végétale, Aliments à base de fruits et de légumes, Fruits et produits dérivés, Fruits, Fruits tropicaux, Ananas","en:organic,en:eu-organic,en:no-added-sugar,fr:ab-agriculture-biologique",,Ananas en morceaux* - jus d'ananas*. * ingrédients issus de l'agriculture biologique. ** contient des sucres naturellement présents.,10,,,,a,1,http://world-en.openfoodfacts.org/product/3350031899461/ananas-en-morceaux-au-jus-d-ananas-certifie-ab-monoprix-bio,https://images.openfoodfacts.org/images/products/335/003/189/9461/front_fr.16.400.jpg,sucre,low_sugar_snacks_breakfast,signal sucre (labels ou nutriments) + catégorie snack/petit-dej,0,0,1,Aucun,OUI
3564700006948,Ananas tranches brisées jus naturel,"Marque Repère, Fruistar",en:pineapple-in-juice,"Aliments et boissons à base de végétaux, Aliments d'origine végétale, Conserves, Desserts, Aliments à base de fruits et de légumes, Aliments à base de plantes en conserve, Fruits et produits dérivés, Fruits en conserve, Fruits au sirop, Fruits en conserve au jus, Ananas en conserve, Ananas au jus","en:low-or-no-sugar,en:no-added-sugar",,"Tranches brisées d'ananas, jus d'ananas, acidifiant : acide citrique.",14,,,,c,1,http://world-en.openfoodfacts.org/product/3564700006948/ananas-tranches-brisees-jus-naturel-marque-repere,https://images.openfoodfacts.org/images/products/356/470/000/6948/front_fr.8.400.jpg,sucre,low_sugar_snacks_breakfast,signal sucre (labels ou nutriments) + catégorie snack/petit-dej,0,0,0,Aucun,OUI
3256223028353,Jus d'Ananas à base de concentré,U,en:pineapple-juices-from-concentrate,"Aliments et boissons à base de végétaux,Boissons,Boissons à base de végétaux,Boissons aux fruits,Jus et nectars,Jus de fruits,Jus de fruits à base de concentré,Jus d'ananas,Jus d'ananas à base de concentré","en:fsc,en:no-added-sugar,en:nutriscore,en:nutriscore-grade-c,en:transformed-in-france,en:fsc-c014047",,Jus d'ananas à base de jus d'ananas concentré.,11,,,,c,1,http://world-en.openfoodfacts.org/product/3256223028353/jus-d-ananas-a-base-de-concentre-u,https://images.openfoodfacts.org/images/products/325/622/302/8353/front_fr.23.400.jpg,sucre,low_sugar_snacks_breakfast,signal sucre (labels ou nutriments) + catégorie snack/petit-dej,0,0,0,Aucun,OUI
3701091716432,Riz calcium naturéo,NATURÉ O,en:plain-rice-based-drinks,"Aliments et boissons à base de végétaux, Boissons, Aliments d'origine végétale, Céréales et pommes de terre, Substituts de produits laitiers, Céréales et dérivés, Substituts du lait, Boissons à base de végétaux, Boissons végétales, Boissons végétales de céréales, Boissons au riz, Boissons végétales de riz nature","en:no-gluten,en:organic,en:eu-organic,en:eu-agriculture,en:fr-bio-01,en:it-bio-007,en:no-added-sugar,fr:ab-agriculture-biologique",,"Eau, riz* 16%, huile de tournesol*, Lithothamnium calcareum 0,4%, sel. *Ingrédients issus de l'agriculture biologique.",8.5,,,,e,3,http://world-en.openfoodfacts.org/product/3701091716432/riz-calcium-natureo-nature-o,https://images.openfoodfacts.org/images/products/370/109/171/6432/front_fr.42.400.jpg,gluten|lactose|sucre,gluten_free_breads_pasta,labels_tags indique sans gluten / catégorie sans gluten,0,0,0,Aucun,OUI
8006040710505,Glace Lait De Riz Cacao,Naturattiva,en:plant-based-ice-cream-tubs,en:plant-based-ice-cream-tubs,"en:organic,en:eu-organic,en:it-bio-009,en:natural-flavors,en:no-lactose",,"I Raumtemperatur aufbewahren. ambiente. Estratto di riso* (59%) (acqua, riso* (20%), olio di girasole*), zucchero di canna di Piselli, stabilizzanti: farina di semi di carrube*, aromi naturali. *Biologico. • (DE) Glucosestrup* Wasser, Dextrose* Magerkakaopulver* (1,5%), Erbseneiweiss, Stabihsatoret} oil*), raw cane sugar* (12%), maltodextrin*, coconut oil* glucose syrup\ doit , (NI) PLANTAARDIG WIT OS MET CACAO - Ingrediënten: rijstextract* (59%) (13%), erwtenprote'ine, stabilisator: bloem van carob* natuurlijke aroma's. *BIOIoqisch huile de coco*, sirop de glucose*, eau, dextrose*, poudre de cacao majgre* nutrizionali per I Nihrwerte je] Nutr.itional values per /",23,,,,d,4,http://world-en.openfoodfacts.org/product/8006040710505/glace-lait-de-riz-cacao-naturattiva,https://images.openfoodfacts.org/images/products/800/604/071/0505/front_fr.6.400.jpg,lactose|sucre,lactose_free_dairy_or_alt,labels_tags indique sans lactose ou catégorie substitut laitier,0,0,0,Aucun,OUI
4104420146846,"Légumes, riz et poulet",Alnatura,en:prepared-rices,"Viandes et dérivés, Plats préparés, Plats préparés à la viande, Plats à la volaille, Céréales préparées, Plats au poulet, Riz préparés","en:no-gluten,en:organic,en:eu-organic,en:biodynamic-agriculture,en:de-oko-007,en:demeter,en:eu-agriculture",,"Eau, carottes * 28%, riz** cuit 15%, viande de poulet* 8%, brocolis* 6.5%, rutabagas** 3%, farine de maïs 2%, huile de colza** 1.8%, double concentré de tomates** 1%, persil**, livèche** *de l'agriculture biodynamique **de l'agriculture biologique",1.9,,,,a,3,http://world-en.openfoodfacts.org/product/4104420146846/legumes-riz-et-poulet-alnatura,https://images.openfoodfacts.org/images/products/410/442/014/6846/front_fr.6.400.jpg,gluten,gluten_free_breads_pasta,labels_tags indique sans gluten / catégorie sans gluten,0,0,0,Aucun,OUI
8594038913668,Krupky - Soufflé de Maïs Bébé,"Krupky, Rej",en:puffed-cereals,"Aliments et boissons à base de végétaux, Aliments d'origine végétale, Snacks, Petit-déjeuners, Céréales et pommes de terre, Céréales et dérivés, Céréales pour petit-déjeuner, Grains soufflées, Céréales soufflées","en:low-or-no-salt,en:low-or-no-sugar,en:no-gluten,en:no-gmos,en:no-preservatives,en:100-natural,en:100-vegetable,en:no-added-salt,en:no-added-sugar,en:no-palm-oil,en:no-peanuts",fr:Fabrication garantie sans allergènes,"99 % semoule de maïs, huile de colza, thiamin ( vitamine B1 )",0.2,,,,a,1,http://world-en.openfoodfacts.org/product/8594038913668/krupky-souffle-de-mais-bebe,https://images.openfoodfacts.org/images/products/859/403/891/3668/front_fr.29.400.jpg,gluten|sucre,gluten_free_breads_pasta,labels_tags indique sans gluten / catégorie sans gluten,0,0,0,Aucun,OUI
8471557500763,Riz soufflé,Grillon d'Or,en:puffed-rice,"Aliments et boissons à base de végétaux, Aliments d'origine végétale, Petit-déjeuners, Céréales et pommes de terre, Céréales et dérivés, Céréales pour petit-déjeuner, Grains soufflées, Céréales soufflées, Riz soufflé","en:organic,en:eu-organic,en:eu-agriculture,en:fr-bio-01,en:green-dot,en:no-added-sugar,fr:ab-agriculture-biologique",,Riz soufflé.,0.5,,,,b,1,http://world-en.openfoodfacts.org/product/8471557500763/riz-souffle-grillon-d-or,https://images.openfoodfacts.org/images/products/847/155/750/0763/front_fr.11.400.jpg,sucre,low_sugar_snacks_breakfast,signal sucre (labels ou nutriments) + catégorie snack/petit-dej,0,0,0,Aucun,OUI
3596710473090,Jus de Pruneau issu de l'agriculture biologique*Sans sucres ajoutés (dans la déno commerciale)* Comme tous les jus de fruits. Contient les sucres naturellement présents dans les fruits.,Auchan Bio,en:refrigerated-squeezed-juices,"Aliments et boissons à base de végétaux, Boissons, Boissons à base de végétaux, Boissons aux fruits, Jus et nectars, Jus de fruits, Jus de pruneaux, Boissons et préparations de boissons, Jus de fruits frais","en:organic,en:eu-organic,en:non-eu-agriculture,en:eu-agriculture,en:eu-non-eu-agriculture,en:fr-bio-01,en:no-added-sugar,en:nutriscore,en:nutriscore-grade-d,fr:ab-agriculture-biologique",,Jus de pruneau obtenu par extraction hydrique issu de l'agriculture biologique,12,,,,e,,http://world-en.openfoodfacts.org/product/3596710473090/jus-de-pruneau-issu-de-l-agriculture-biologique-sans-sucres-ajoutes-dans-la-deno-commerciale-comme-tous-les-jus-de-fruits-contient-les-sucres-naturellement-presents-dans-les-fruits-auchan-bio,https://images.openfoodfacts.org/images/products/359/671/047/3090/front_fr.147.400.jpg,sucre,low_sugar_snacks_breakfast,signal sucre (labels ou nutriments) + catégorie snack/petit-dej,0,0,0,Aucun,OUI
3760103146704,Tagliatelles Thaïes de Riz Complet,Autour du riz,en:rice-pasta,"Aliments et boissons à base de végétaux, Aliments d'origine végétale, Céréales et pommes de terre, Céréales et dérivés, Pâtes alimentaires, Pâtes de riz","en:no-gluten,en:organic,en:crossed-grain-trademark,en:eu-organic,en:green-dot,en:th-bio-121,fr:ab-agriculture-biologique,fr:afdiag",,Riz complet thaïlandais issu de l'agriculture biologique.,0.68999999761581,,,,a,,http://world-en.openfoodfacts.org/product/3760103146704/tagliatelles-thaies-de-riz-complet-autour-du-riz,https://images.openfoodfacts.org/images/products/376/010/314/6704/front_fr.20.400.jpg,gluten,gluten_free_breads_pasta,labels_tags indique sans gluten / catégorie sans gluten,0,0,0,Aucun,OUI
3229820798493,Boisson épeautre,Bjorg,en:spelt-based-drinks,"Aliments et boissons à base de végétaux, Boissons, Aliments d'origine végétale, Céréales et pommes de terre, Substituts de produits laitiers, Céréales et dérivés, Substituts du lait, Boissons à base de végétaux, Boissons végétales, Boissons végétales de céréales, Boissons végétales de blé, Boissons végétales d'épeautre","en:organic,en:eu-organic,en:no-added-sugar,en:nutriscore,en:nutriscore-grade-b,fr:ab-agriculture-biologique",en:gluten,"Eau, Epeautre* 15%, Huile de tournesol* pressée à froid, Sel marin. * ingrédients biologiques.",4.1,,,,d,3,http://world-en.openfoodfacts.org/product/3229820798493/boisson-epeautre-bjorg,https://images.openfoodfacts.org/images/products/322/982/079/8493/front_fr.5.400.jpg,gluten|lactose|sucre,lactose_free_dairy_or_alt,labels_tags indique sans lactose ou catégorie substitut laitier,0,0,0,Aucun,OUI
3222471021538,Concentré citron A utiliser pour vos assaisonnements,Casino,en:syrups,"Boissons, Sirops","en:no-added-sugar,en:no-colorings",,Eau - jus de citron à base de concentré 40 % - pulpes de citron - acidifiant : acide citrique - arômes naturels d'agrumes - antioxydant : acide ascorbique.,1,,,,b,4,http://world-en.openfoodfacts.org/product/3222471021538/concentre-citron-a-utiliser-pour-vos-assaisonnements-casino,https://images.openfoodfacts.org/images/products/322/247/102/1538/front_fr.10.400.jpg,sucre|ultra_transforme,low_sugar_snacks_breakfast,signal sucre (labels ou nutriments) + catégorie snack/petit-dej,0,0,0,Aucun,OUI
3760214930100,Herbalist Bio Thé Vert Au Jus de Grenade,"Herbalist, Herbalist Infusions Véritables",en:tea-based-beverages,"Aliments et boissons à base de végétaux, Boissons, Boissons chaudes, Boissons à base de végétaux, Thés, Boissons au thé","en:organic,en:eu-organic,en:no-preservatives,en:non-eu-agriculture,en:eu-agriculture,en:eu-non-eu-agriculture,en:fr-bio-01,en:made-in-france,en:no-added-sugar,en:no-additives,fr:ab-agriculture-biologique,fr:clean-label",,"Infusion de Sencha* 92,9% (eau, feuilles de Thé Sencha*), jus(1) de raisin blanc* 5%, jus(1) de grenade* 2,1%. *Issu de l'agriculture biologique. (1) A base de concentré.",4.7,,,,c,,http://world-en.openfoodfacts.org/product/3760214930100/herbalist-bio-the-vert-au-jus-de-grenade,https://images.openfoodfacts.org/images/products/376/021/493/0100/front_fr.22.400.jpg,sucre|cafeine,low_sugar_snacks_breakfast,signal sucre (labels ou nutriments) + catégorie snack/petit-dej,0,0,0,Aucun,OUI
5060426810107,Riz au lait de coco vegetal 2x125g,"La Coconut Collab, La Coop, The Coconut Co.",en:vegan-rice-puddings,"Aliments et boissons à base de végétaux, Substituts de produits laitiers, Desserts, Desserts végétaliens, Riz au lait végétaliens","en:no-gluten,en:vegetarian,en:no-preservatives,en:vegan,en:green-dot,en:made-in-france,en:no-lactose,en:the-vegan-society,fr:triman",,"Dessert végétal riz au lalt de coco: Lait de Coco (60%), eau, sucre, riz (8%), farine de riz, extrait de vanille (0.45%), stabilisants: gomme de caroube, grains de vanille (0,01%).",9.5,,,,c,4,http://world-en.openfoodfacts.org/product/5060426810107/riz-au-lait-de-coco-vegetal-2x125g-la-coconut-collab,https://images.openfoodfacts.org/images/products/506/042/681/0107/front_fr.53.400.jpg,gluten|lactose|sucre|cafeine,gluten_free_breads_pasta,labels_tags indique sans gluten / catégorie sans gluten,0,0,1,Aucun,OUI
3083681127430,Maïs SSA 1/4 x3,Bonduelle,en:vegetables-prepared-processed-shelf-stable,"Aliments et boissons à base de végétaux, Aliments d'origine végétale, Aliments à base de fruits et de légumes, Conserves, Céréales et pommes de terre, Graines, Légumes et dérivés, Aliments à base de plantes en conserve, Céréales et dérivés, Légumes en conserve, Céréales en grains, Maïs, Céréales en conserve, Maïs doux, Maïs en conserve, Maïs doux en conserve, en:Vegetables - Prepared/Processed (Shelf Stable)","en:no-gmos,en:fsc,en:fsc-mix,en:grown-in-france,en:no-added-sugar,en:nutriscore,en:nutriscore-grade-a,fr:triman",,"Maïs doux en grains, eau, sel. Contient des sucres naturellement présents. Pour la France (si étiquetage du logo ss OGM) : Maïs doux en grains sans OGM (Organisme Génétiquement Modifié), eau, sel. Contient des sucres naturellement présents.",6.3,,,,b,3,http://world-en.openfoodfacts.org/product/3083681127430/mais-ssa-1-4-x3-bonduelle,https://images.openfoodfacts.org/images/products/308/368/112/7430/front_fr.50.400.jpg,sucre,low_sugar_snacks_breakfast,signal sucre (labels ou nutriments) + catégorie snack/petit-dej,0,0,2,Aucun,OUI
3760231780771,Recette N° 17 - Chocolat au Lait de coco - Coco rapée,Carré Suisse,fr:barres-chocolatees-a-la-noix-de-coco,"Snacks, Snacks sucrés, Cacao et dérivés, Confiseries, Barres, Confiseries chocolatées, Chocolats, Chocolats au lait, Barres chocolatées, Tablette de chocolat au lait, Barres chocolatées à la noix de coco","en:fair-trade,en:no-gluten,en:organic,en:vegetarian,en:eu-organic,en:non-eu-agriculture,en:vegan,en:fairtrade-cocoa,en:fsc,en:fsc-mix,en:green-dot,en:made-in-swiss,en:no-lecithine,en:pure-cocoa-butter,fr:ab-agriculture-biologique,fr:bio-equitable",,"Sucre de coco, pâte de cacao, beurre de cacao, lait de coco en poudre 10% (lait de coco, maltodextrine), flocons de noix de coco (10%), gousses de vanille.",35,,,,e,4,http://world-en.openfoodfacts.org/product/3760231780771/recette-n-17-chocolat-au-lait-de-coco-coco-rapee-carre-suisse,https://images.openfoodfacts.org/images/products/376/023/178/0771/front_en.31.400.jpg,gluten|lactose|sucre,gluten_free_breads_pasta,labels_tags indique sans gluten / catégorie sans gluten,0,0,0,Aucun,OUI
3272036007583,Specialité concentrée au citron,Moulin de Valdonne,fr:boisson-a-diluer,Boisson à diluer,en:no-added-sugar,,"Jus de citron et d'orange à base de concentrés 46% (dont 42 thmen), eau, pulpes de citron, acidifiant: acide citrique, arôme naturel de citron HALEURS",0.3,,,,a,1,http://world-en.openfoodfacts.org/product/3272036007583/specialite-concentree-au-citron-moulin-de-valdonne,https://images.openfoodfacts.org/images/products/327/203/600/7583/front_fr.4.400.jpg,sucre|ultra_transforme,low_sugar_snacks_breakfast,signal sucre (labels ou nutriments) + catégorie snack/petit-dej,0,0,0,Aucun,OUI
3273120019482,Boulgour de riz à la châtaigne,"celnat, les natures",fr:cereales-precuites,"Aliments et boissons à base de végétaux, Aliments d'origine végétale, Céréales et pommes de terre, Graines, Céréales et dérivés, Céréales en grains, Riz, Gruau, Riz complet, Gruau de blé, Boulghours, Cereales precuites","en:no-gluten,en:organic,en:eu-organic,en:fr-bio-01,fr:ab-agriculture-biologique,fr:nutriments-preserves",,"Riz long complet*, châtaignes toastées* 30 % * ingrédients issus de l’agriculture biologique.",8.1,,,,b,1,http://world-en.openfoodfacts.org/product/3273120019482/boulgour-de-riz-a-la-chataigne-celnat,https://images.openfoodfacts.org/images/products/327/312/001/9482/front_fr.16.400.jpg,gluten,gluten_free_breads_pasta,labels_tags indique sans gluten / catégorie sans gluten,0,0,0,Aucun,OUI
3175681054332,Céréchoc farine de maïs et de riz,"Gerblé, Gerblé sans gluten",fr:cereales-sans-gluten,"Aliments et boissons à base de végétaux, Aliments d'origine végétale, Petit-déjeuners, Céréales et pommes de terre, Céréales et dérivés, Céréales pour petit-déjeuner, Céréales au chocolat, Céréales sans gluten","en:low-or-no-fat,en:low-fat,en:no-gluten,en:crossed-grain-trademark,en:source-of-fibre,en:high-fibres,fr:afdiag,fr:faible-teneur-en-matieres-grasses-saturees",,"Farine de maïs 56,7%, farine de riz 18,5% ,  chocolat de ménage en poudre 17%, sucre,  sel.",23,,,,d,3,http://world-en.openfoodfacts.org/product/3175681054332/cerechoc-farine-de-mais-et-de-riz-gerble,https://images.openfoodfacts.org/images/products/317/568/105/4332/front_fr.14.400.jpg,gluten|sucre,gluten_free_breads_pasta,labels_tags indique sans gluten / catégorie sans gluten,0,0,1,Aucun,OUI
7627534169596,Farine de pois chiche,"Coop Naturalplan, Naturaplan",fr:farines-sans-gluten,"Aliments et boissons à base de végétaux, Aliments d'origine végétale, Légumineuses et dérivés, Farines, Farines de légumineuses, Farines de pois chiche, Farines sans gluten","en:no-gluten,en:organic,en:source-of-proteins,en:bio-suisse,en:high-proteins,fr:free-form-sans-gluten",,Farine de pois chiches,2.4,,,,a,1,http://world-en.openfoodfacts.org/product/7627534169596/farine-de-pois-chiche-coop-naturalplan,https://images.openfoodfacts.org/images/products/762/753/416/9596/front_fr.17.400.jpg,gluten|legumineuses,gluten_free_breads_pasta,labels_tags indique sans gluten / catégorie sans gluten,0,0,0,Aucun,OUI
7503008588288,Tortillas de maïs,Tortillas Guanajuato,fr:glucide,"Aliments et boissons à base de végétaux, Aliments d'origine végétale, Céréales et pommes de terre, Pains, Pains plats, Tortillas de maïs, Glucide","en:no-gluten,en:without-allergens",,"Maïs 62%, Eau, Acide citrique, Sodium propionate, Sorbate de potassium,",0,,,,a,3,http://world-en.openfoodfacts.org/product/7503008588288/tortillas-de-mais-tortillas-guanajuato,https://images.openfoodfacts.org/images/products/750/300/858/8288/front_fr.3.400.jpg,gluten,gluten_free_breads_pasta,labels_tags indique sans gluten / catégorie sans gluten,0,0,0,Aucun,OUI
3274936601205,Pur jus de raison muscaté,Plein Fruit,fr:jus-de-fruits-smoothies,"Boissons, JUS DE FRUITS & SMOOTHIES","en:made-in-france,en:no-added-sugar,en:produced-in-brittany",,"Jus de raisin, jus de raisin muscaté (20%).",16,,,,unknown,1,http://world-en.openfoodfacts.org/product/3274936601205/pur-jus-de-raison-muscate-plein-fruit,https://images.openfoodfacts.org/images/products/327/493/660/1205/front_fr.16.400.jpg,sucre,low_sugar_snacks_breakfast,signal sucre (labels ou nutriments) + catégorie snack/petit-dej,0,0,0,Aucun,OUI
3222475419102,Boisson végétale à base de riz,"Casino, Casino Bio",fr:limonades-et-tonics,"Aliments et boissons à base de végétaux, Boissons, Aliments d'origine végétale, Céréales et pommes de terre, Substituts de produits laitiers, Céréales et dérivés, Substituts du lait, Boissons à base de végétaux, Boissons végétales, Boissons végétales de céréales, Boissons au riz, Boissons sans sucre ajouté, Boissons végétales de riz nature, Limonades et tonics","en:organic,en:eu-organic,en:no-preservatives,en:it-bio-009,en:no-added-sugar,en:no-colorings,fr:ab-agriculture-biologique",,Eau - riz* 14% - huile de tournesol* - sel *ingrédients issus de l'agriculture biologique,9.1,,,,e,3,http://world-en.openfoodfacts.org/product/3222475419102/boisson-vegetale-a-base-de-riz-casino,https://images.openfoodfacts.org/images/products/322/247/541/9102/front_fr.35.400.jpg,lactose|sucre,lactose_free_dairy_or_alt,labels_tags indique sans lactose ou catégorie substitut laitier,0,0,0,Aucun,OUI
3256224126539,"Jus mirabelle de Lorraine ""fruits de chez nous""",U,fr:nectars-de-mirabelle,"Aliments et boissons à base de végétaux, Boissons, Boissons à base de végétaux, Boissons aux fruits, Jus et nectars, Nectars de fruits, Nectars de mirabelle","fr:fruits-et-legumes-de-france,en:harvested-in-france,en:no-added-sugar,en:pgi,en:transformed-in-france,fr:fruits-de-france,fr:recycle-plastique",,"Eau, purée de mirabelle de Lorraine I.G.P* 30% (France), sucre, acidifiant : jus de citron à base de concentré, antioxydant : acide ascorbique.*Indication Géographique Protégée.",11.1,,,,e,3,http://world-en.openfoodfacts.org/product/3256224126539/jus-mirabelle-de-lorraine-fruits-de-chez-nous-u,https://images.openfoodfacts.org/images/products/325/622/412/6539/front_fr.44.400.jpg,sucre,low_sugar_snacks_breakfast,signal sucre (labels ou nutriments) + catégorie snack/petit-dej,0,0,1,Aucun,OUI
8413700405815,Crème catalane - sans gluten,"Carmencita, Jesus Navarro",fr:preparations-pour-cremes,"Aides culinaires, Préparations pour desserts, Préparations pour crème catalane, Préparations pour crèmes","en:no-gluten,en:made-in-spain",,"Amidon de maïs, sel, maltodextrine, extrait de safran et arômes.",0.4,,,,unknown,4,http://world-en.openfoodfacts.org/product/8413700405815/creme-catalane-sans-gluten-carmencita,https://images.openfoodfacts.org/images/products/841/370/040/5815/front_fr.34.400.jpg,gluten|lactose|ultra_transforme,gluten_free_breads_pasta,labels_tags indique sans gluten / catégorie sans gluten,0,0,0,Aucun,OUI
3252920048533,"Purée de tomates, issu de l'agriculture biologqiue, prête à consommer",Grandeur Nature,fr:produits-sales,"Aliments et boissons à base de végétaux, Aliments d'origine végétale, Aliments à base de fruits et de légumes, Condiments, Légumes et dérivés, Sauces, Tomates et dérivés, Sauces tomate, Purées de tomates, Epicerie, PRODUITS SALÉS","en:no-gluten,en:organic,en:eu-organic,fr:ab-agriculture-biologique",,"Purée de tomates* 99,7%, sel, correcteur d'acidité : acide citrique. *Ingrédient issu de l'agriculture biologique",4.2,,,,a,3,http://world-en.openfoodfacts.org/product/3252920048533/puree-de-tomates-issu-de-l-agriculture-biologqiue-prete-a-consommer-grandeur-nature,https://images.openfoodfacts.org/images/products/325/292/004/8533/front_fr.3.400.jpg,gluten,gluten_free_breads_pasta,labels_tags indique sans gluten / catégorie sans gluten,0,0,0,Aucun,OUI
0035024901715,Pruneaux dénoyautés au jus de pruneaux,Maitre Prunille Food Service,fr:pruneaux-d-agen,"Aliments et boissons à base de végétaux, Aliments d'origine végétale, Aliments à base de fruits et de légumes, Fruits et produits dérivés, Produits déshydratés, Fruits, Aliments à base de plantes séchées, Fruits secs, Fruits français, Pruneaux, Pruneaux d'Agen","en:green-dot,en:no-added-sugar",,"Pruneaux de France dénoyautés, eau, Sucre, conservateur : sorbate de potassium.  Fabriqué et conditionné dans un atelier qui manipule des fruits contenant du sulfite.",21,,,,c,3,http://world-en.openfoodfacts.org/product/0035024901715/pruneaux-denoyautes-au-jus-de-pruneaux-maitre-prunille-food-service,https://images.openfoodfacts.org/images/products/003/502/490/1715/front_fr.11.400.jpg,sucre|ultra_transforme,low_sugar_snacks_breakfast,signal sucre (labels ou nutriments) + catégorie snack/petit-dej,0,0,1,Aucun,OUI
3760267400896,"Purée nutritionnelle à la patate douce, à la carotte et au poivre timut",BAOUW!,fr:puree-nutritionnelle,"Aliments et boissons à base de végétaux,Aliments d'origine végétale,Aliments à base de fruits et de légumes,Desserts,Fruits et produits dérivés,Purée de fruits sans sucres ajoutés,Purée nutritionnelle","en:no-gluten,en:organic,en:vegetarian,en:eu-organic,en:non-eu-agriculture,en:vegan,en:eu-agriculture,en:eu-non-eu-agriculture,en:no-palm-oil,en:with-guerande-salt,fr:ab-agriculture-biologique",,"Purée de patate douce* 73,27%, jus d’orange*, purée de carotte* 6,65%, farine de patate douce* 4,89%, huile d’olive vierge extra*, jus de fruit de la passion*, sel de Guérande 0,5%, estragon en poudre*, curcuma en poudre*, poivre timut en poudre* 0,05%, jus de citron concentré*",4.7,,,,c,3,http://world-en.openfoodfacts.org/product/3760267400896/puree-nutritionnelle-a-la-patate-douce-a-la-carotte-et-au-poivre-timut-baouw,https://images.openfoodfacts.org/images/products/376/026/740/0896/front_fr.3.400.jpg,gluten|epices_piment,gluten_free_breads_pasta,labels_tags indique sans gluten / catégorie sans gluten,0,0,0,Aucun,OUI
3301310012378,Sablé à la châtaigne - A base de farine de riz,"Esprit de fete,Esprit Biscuit",fr:sable-a-la-chataigne,"Snacks, Sweet snacks, Biscuits and cakes, Biscuits, fr:Sablé à la châtaigne, en:shortbread-cookies","en:organic,en:eu-organic,en:no-gluten,fr:ab-agriculture-biologique",,"Farine de châtaigne 30%, sucre blond de canne, beurre, farine de maïs, farine de riz demi-complet 12%, blanc d’œuf, jaune d'œuf, poudre à lever : bicarbonate de sodium, antioxygène : acide ascorbique, sel de Guérande",29.8,,,,d,3,http://world-en.openfoodfacts.org/product/3301310012378/sable-a-la-chataigne-a-base-de-farine-de-riz-esprit-de-fete,https://images.openfoodfacts.org/images/products/330/131/001/2378/front_fr.12.400.jpg,gluten|sucre,gluten_free_breads_pasta,labels_tags indique sans gluten / catégorie sans gluten,0,0,1,Aucun,OUI
3297760092223,Compote la pêche en morceaux,Charles & Alice,fr:sans-sucre-ajoute,"Aliments et boissons à base de végétaux,Aliments d'origine végétale,Aliments à base de fruits et de légumes,Desserts,Fruits et produits dérivés,Compotes,Compotes de pêche,Sans sucre ajouté",en:no-added-sugar,,"Purée et morceaux de pêches 99,1%, arômes naturels, fibre d'agrumes, antioxydant : acide ascorbique, acidifiant : acide citrique.",8.9,,,,a,4,http://world-en.openfoodfacts.org/product/3297760092223/compote-la-peche-en-morceaux-charles-alice,https://images.openfoodfacts.org/images/products/329/776/009/2223/front_fr.3.400.jpg,sucre|ultra_transforme,low_sugar_snacks_breakfast,signal sucre (labels ou nutriments) + catégorie snack/petit-dej,0,0,0,Aucun,OUI
3596710479962,Maïs doux,"Auchan, Auchan Bio",fr:semillas,"Alimentos de origen vegetal,Cereales y patatas,Semillas,Cereales y derivados,Cereales en grano,Maíz,Maíz dulce, Aliments à base de fruits et de légumes, Légumes et dérivés, Frais, Aliments à base de plantes frais, Légumes frais","en:organic,en:eu-organic,en:fr-bio-01,en:no-added-sugar,en:nutriscore,en:nutriscore-grade-a,fr:ab-agriculture-biologique,fr:triman",,"Maïs doux en grains*, eau, sel. *issu de l'agriculture biologique",5.2,,,,a,3,http://world-en.openfoodfacts.org/product/3596710479962/mais-doux-auchan,https://images.openfoodfacts.org/images/products/359/671/047/9962/front_fr.72.400.jpg,sucre,low_sugar_snacks_breakfast,signal sucre (labels ou nutriments) + catégorie snack/petit-dej,0,0,0,Aucun,OUI
3252920038534,100% végétal au riz dessert praliné,"Grandeur Nature, Laiterie le gall",fr:specialite-vegetale-a-base-de-riz-et-de-praline,"Produits laitiers,Crème dessert c,DESSERTS VÉGÉTAUX AROMATISÉS,Dessert-vegetal,Spécialité végétale à base de riz et de praliné,Crèmes dessert végétaliennes","en:no-gluten,en:organic,en:eu-organic,en:non-eu-agriculture,en:eu-agriculture,en:eu-non-eu-agriculture,en:no-soy,fr:ab-agriculture-biologique",en:nuts,"Eau, poudre de riz* 15 % (sirop de riz*, amidon de riz*, farine de riz*, épaississant : gomme arabique*, stabilisant : carraghénanes), praliné* 5,5% (sucre mi blond*, amande*, noisette*), sucre*, huile de coprah*, Algae (Lithothamnium calcareum) * issu de l'agriculture biologique",9,,,,c,4,http://world-en.openfoodfacts.org/product/3252920038534/100-vegetal-au-riz-dessert-praline-grandeur-nature,https://images.openfoodfacts.org/images/products/325/292/003/8534/front_fr.34.400.jpg,gluten|lactose|sucre|legumineuses,gluten_free_breads_pasta,labels_tags indique sans gluten / catégorie sans gluten,0,0,2,Aucun,OUI
3329770057654,Spécialité laitière nature,"Perle de lait nature, Yoplait, spécialités laitières",fr:specialites-laitieres-nature-non-sucrees,"Produits laitiers,Desserts,Desserts lactés,Spécialités laitières nature non sucrées","en:no-gluten,en:french-milk",en:milk,LAIT écrémé - CREME - Amidon transformé de riz - Poudre de LAIT écrémé - Ferments LACTIQUES - LAIT D'ORIGINE FRANCE,2.8,,,,c,4,http://world-en.openfoodfacts.org/product/3329770057654/specialite-laitiere-nature-perle-de-lait-nature,https://images.openfoodfacts.org/images/products/332/977/005/7654/front_fr.4.400.jpg,gluten|lactose,gluten_free_breads_pasta,labels_tags indique sans gluten / catégorie sans gluten,0,0,0,Aucun,OUI
3760103146742,Tagliatelles Thaïes de Riz Rouge,Autour du Riz,fr:tagliatelles-de-riz,"Aliments et boissons à base de végétaux, Aliments d'origine végétale, Céréales et pommes de terre, Céréales et dérivés, Pâtes alimentaires, Pâtes de riz, Tagliatelles, Tagliatelles de riz","en:no-gluten,en:organic,en:crossed-grain-trademark,en:eu-organic,en:fr-bio-10,en:green-dot,en:th-bio-121,fr:ab-agriculture-biologique,fr:afdiag,fr:agriculture-thailande",,"Riz thaï rouge complet Hom Mali* 30 %, riz blanc thaï",0.24,,,,c,,http://world-en.openfoodfacts.org/product/3760103146742/tagliatelles-thaies-de-riz-rouge-autour-du-riz,https://images.openfoodfacts.org/images/products/376/010/314/6742/front_fr.23.400.jpg,gluten,gluten_free_breads_pasta,labels_tags indique sans gluten / catégorie sans gluten,0,0,0,Aucun,OUI
3564707093002,Maïs bio sans sucres ajoutés,"Bio Village, Marque Repère",en:canned-sweet-corn,"Aliments et boissons à base de végétaux,Aliments d'origine végétale,Aliments à base de fruits et de légumes,Conserves,Céréales et pommes de terre,Légumes et dérivés,Aliments à base de plantes en conserve,Céréales et dérivés,Légumes en conserve,Céréales en conserve,Maïs en conserve,Maïs doux en conserve,Maïs doux","en:low-or-no-sugar,en:organic,en:eu-organic,en:source-of-fibre,en:fr-bio-01,en:grown-in-france,en:no-added-sugar,fr:ab-agriculture-biologique",,"Maïs doux*, eau, sel de mer. *Ingrédient issu de l'agriculture biologique. Contient des sucres naturellement présents.",4.9,,,,b,3,http://world-en.openfoodfacts.org/product/3564707093002/mais-bio-sans-sucres-ajoutes-bio-village,https://images.openfoodfacts.org/images/products/356/470/709/3002/front_fr.24.400.jpg,sucre,low_sugar_snacks_breakfast,signal sucre (labels ou nutriments) + catégorie snack/petit-dej,0,0,1,Aucun,OUI
3273220076828,Boisson bio au riz et à la noix de coco,Sojasun,en:mixed-plant-milks,"Aliments et boissons à base de végétaux, Boissons, Substituts de produits laitiers, Substituts du lait, Boissons à base de végétaux, Boissons végétales, Boissons multivégétaux","en:organic,en:eu-organic,en:no-added-sugar,en:no-additives,en:nutriscore,en:nutriscore-grade-b,fr:ab-agriculture-biologique",,"Eau, riz* 15%, lait de coco* 6% (eau, poudre de noix de coco*1,6%), arôme naturel de coco, sel marin. &quot;Issus de l'agriculture biologique.",5.6,,,,d,4,http://world-en.openfoodfacts.org/product/3273220076828/boisson-bio-au-riz-et-a-la-noix-de-coco-sojasun,https://images.openfoodfacts.org/images/products/327/322/007/6828/front_fr.16.400.jpg,lactose|sucre|ultra_transforme,lactose_free_dairy_or_alt,labels_tags indique sans lactose ou catégorie substitut laitier,0,0,0,Aucun,OUI
3760121212870,Tartine craquante sarrasin riz maïs,Biocoop,en:extruded-crispbreads,"Aliments et boissons à base de végétaux, Aliments d'origine végétale, Snacks, Céréales et pommes de terre, Tartines craquantes extrudées","en:no-gluten,en:organic,en:eu-organic,en:fr-bio-01,en:made-in-france,en:no-added-sugar,fr:ab-agriculture-biologique",en:none,"Farine de sarrasin* 62.7g (France), farine de riz* 20.9g (France), farine de maïs* 20.9g (France), sel. (quantité mise en œuvre pour 100g de produit finis - la perte étant liée à l'eau à extrusion)",1.5,,,,a,3,http://world-en.openfoodfacts.org/product/3760121212870/tartine-craquante-sarrasin-riz-mais-biocoop,https://images.openfoodfacts.org/images/products/376/012/121/2870/front_fr.54.400.jpg,gluten|sucre,gluten_free_breads_pasta,labels_tags indique sans gluten / catégorie sans gluten,0,0,0,Aucun,OUI
7613269317173,Bramata Semoule de maïs gros grains,"Migros, Terrasuisse",en:corn-semolinas-for-polenta,"Aliments et boissons à base de végétaux, Aliments d'origine végétale, Céréales et pommes de terre, Céréales et dérivés, Semoules de céréales, Semoules de maïs, Semoules de maïs pour polenta","en:no-gluten,en:made-in-swiss,en:terrasuisse",,Semoule de maïs,0.5,,,,a,1,http://world-en.openfoodfacts.org/product/7613269317173/bramata-semoule-de-mais-gros-grains-migros,https://images.openfoodfacts.org/images/products/761/326/931/7173/front_fr.14.400.jpg,gluten,gluten_free_breads_pasta,labels_tags indique sans gluten / catégorie sans gluten,0,0,0,Aucun,OUI
8713445020282,Amidon de maïs bio,"Bioculinair, Joannusmolen",en:cornmeal,"Plant-based foods and beverages, Plant-based foods, Cereals and potatoes, Cereals and their products, Starches, Cereal starches, Corn starch, en:cornmeal","en:no-gluten,en:organic,en:eu-organic,en:eu-agriculture,en:fsc,en:fsc-mix,en:nl-bio-01",,Amidon de maïs.,0.2,,,,c,2,http://world-en.openfoodfacts.org/product/8713445020282/amidon-de-mais-bio-bioculinair,https://images.openfoodfacts.org/images/products/871/344/502/0282/front_fr.45.400.jpg,gluten,gluten_free_breads_pasta,labels_tags indique sans gluten / catégorie sans gluten,0,0,0,Aucun,OUI
3175681054363,Galettes de maïs sans gluten sans sucres,Gerblé,en:puffed-corn-cakes,"Aliments et boissons à base de végétaux, Aliments d'origine végétale, Céréales et pommes de terre, Céréales et dérivés, Galettes de céréales soufflées, Galettes de maïs soufflé","en:low-or-no-sugar,en:no-gluten,en:crossed-grain-trademark,en:no-sugar,fr:afdiag",,"Maïs 99,7%, sel, huile de tournesol",0,,,,c,3,http://world-en.openfoodfacts.org/product/3175681054363/galettes-de-mais-sans-gluten-sans-sucres-gerble,https://images.openfoodfacts.org/images/products/317/568/105/4363/front_fr.9.400.jpg,gluten|sucre,gluten_free_breads_pasta,labels_tags indique sans gluten / catégorie sans gluten,0,0,0,Aucun,OUI
0016229909819,Crème de noix de coco,Aroy-D Thai Agri Food Public Company Limited,en:coconut-milks-and-creams,"aliments-et-boissons-à-base-de-végétaux, aliments-d'origine-végétale, crèmes-végétales, crèmes-végétales-pour-cuisiner, laits-et-crèmes-de-coco, es:alimentos-y-bebidas-de-origen-vegetal, es:natas-vegetales, es:natas-vegetales-a-base-de-coco-para-cocinar, es:natas-vegetales-para-cocinar","en:no-gluten,en:vegetarian,en:halal,en:vegan,en:fsc,en:fsc-mix,fr:triman",,"EXTRAIT DE NOIX DE COCO 85%, EAU, EMULSIFIANT (E435).",1.9,,,,c,4,http://world-en.openfoodfacts.org/product/0016229909819/creme-de-noix-de-coco-aroy-d-thai-agri-food-public-company-limited,https://images.openfoodfacts.org/images/products/001/622/990/9819/front_en.11.400.jpg,gluten|ultra_transforme,gluten_free_breads_pasta,labels_tags indique sans gluten / catégorie sans gluten,0,0,0,Aucun,OUI
3175681054486,Spaghetti farines de maïs et de riz,Gerblé,en:gluten-free-spaghetti,"Aliments et boissons à base de végétaux, Aliments d'origine végétale, Céréales et pommes de terre, Céréales et dérivés, en:Specific products, Pâtes alimentaires, en:Products for specific diets, Produits sans gluten, Pâtes alimentaires sans gluten, Spaghetti, Spaghetti sans gluten","en:no-gluten,en:crossed-grain-trademark,en:made-in-france,en:no-palm-oil,fr:afdiag",en:lupin,"Amidon de maïs, farine de maïs précuite 30,5%, farine de riz 24,5%, amidon de riz, protéines de pois, farine de lupin, émulsifiant : mono-et diglycérides d'acides gras.",0,,,,c,4,http://world-en.openfoodfacts.org/product/3175681054486/spaghetti-farines-de-mais-et-de-riz-gerble,https://images.openfoodfacts.org/images/products/317/568/105/4486/front_fr.9.400.jpg,gluten|legumineuses|ultra_transforme,gluten_free_breads_pasta,labels_tags indique sans gluten / catégorie sans gluten,0,0,0,Aucun,OUI
3596710408504,Cocktail de fruits - orange ananas citron vert - 100% pur jus - naturellement riche en vitamine C,Auchan,en:multifruit-juices,"Aliments et boissons à base de végétaux, Boissons, Boissons à base de végétaux, Boissons aux fruits, Jus et nectars, Jus de fruits, Jus multifruits","en:green-dot,en:made-in-france,en:no-added-sugar,en:nutriscore,fr:triman",,"Jus de fruits : orange, ananas, citron vert.",10,,,,c,1,http://world-en.openfoodfacts.org/product/3596710408504/cocktail-de-fruits-orange-ananas-citron-vert-100-pur-jus-naturellement-riche-en-vitamine-c-auchan,https://images.openfoodfacts.org/images/products/359/671/040/8504/front_fr.30.400.jpg,sucre,low_sugar_snacks_breakfast,signal sucre (labels ou nutriments) + catégorie snack/petit-dej,0,0,0,Aucun,OUI
3256228434005,Nectar orange pêche abricot ss sucre ajoutés brique de 1 litre,"U, U Bio",en:sweetened-beverages,"Aliments et boissons à base de végétaux, Boissons, Boissons à base de végétaux, Boissons aux fruits, Jus et nectars, Nectars de fruits, Boissons et préparations de boissons, Boissons avec sucre ajouté, Jus de fruits et légumes","en:organic,en:eu-organic,en:fsc,en:no-added-sugar,en:nutriscore,en:nutriscore-grade-b,en:packaged-in-france,fr:ab-agriculture-biologique",,"Jus d orange* à base de concentré 46%, purée de pêche* 30%, purée d abricot* 5%, eau. * ingrédient issus de l agriculture biologique",6.8,,,,b,1,http://world-en.openfoodfacts.org/product/3256228434005/nectar-orange-peche-abricot-ss-sucre-ajoutes-brique-de-1-litre-u,https://images.openfoodfacts.org/images/products/325/622/843/4005/front_fr.16.400.jpg,sucre,low_sugar_snacks_breakfast,signal sucre (labels ou nutriments) + catégorie snack/petit-dej,0,0,0,Aucun,OUI
3274936041315,Jus d'ananas à base de concentré.,Plein Fruit,en:pineapple-juices-from-concentrate,"Aliments et boissons à base de végétaux,Boissons,Boissons à base de végétaux,Boissons aux fruits,Jus et nectars,Jus de fruits,Jus d'ananas,Boissons et préparations de boissons,Jus d'ananas à base de concentré,Jus de fruits à base de concentré",en:no-added-sugar,,Jus d'ananas à base de concentré.,9.6,,,,c,1,http://world-en.openfoodfacts.org/product/3274936041315/jus-d-ananas-a-base-de-concentre-plein-fruit,https://images.openfoodfacts.org/images/products/327/493/604/1315/front_fr.4.400.jpg,sucre,low_sugar_snacks_breakfast,signal sucre (labels ou nutriments) + catégorie snack/petit-dej,0,0,0,Aucun,OUI
3256224761167,"Nectar, Orange, Pêche, Abricot sans sucres ajoutés",U,en:multifruit-nectars,"Plant-based foods and beverages, Beverages, Plant-based beverages, Fruit-based beverages, Juices and nectars, Fruit juices, Fruit juices from concentrate, Multifruit juices, Multifruit juices from concentrate, en:multifruit-nectars","en:fsc,en:fsc-mix,en:no-added-sugar,en:nutriscore,en:nutriscore-grade-b,fr:greatvie-w",,"Purée de pêche 30%, jus d'orange base de concentré 28% eau, jus de raisin à base de concentré 15 % et purée d'abricot 8 %, antioxydant : acide ascorbique",7.4,,,,c,1,http://world-en.openfoodfacts.org/product/3256224761167/nectar-orange-peche-abricot-sans-sucres-ajoutes-u,https://images.openfoodfacts.org/images/products/325/622/476/1167/front_fr.32.400.jpg,sucre,low_sugar_snacks_breakfast,signal sucre (labels ou nutriments) + catégorie snack/petit-dej,0,0,0,Aucun,OUI
3596710404063,Jus d'ananas à base de concentré,"Auchan, Rik & Rok",en:pineapple-juices-from-concentrate,"Aliments et boissons à base de végétaux, Boissons, Boissons à base de végétaux, Boissons aux fruits, Jus et nectars, Jus de fruits, Jus de fruits à base de concentré, Jus d'ananas, Jus d'ananas à base de concentré, en:pineapple-from-concentrate","en:no-added-sugar,en:nutriscore,en:nutriscore-grade-d",,Jus d'ananas à base de concentré,11.7,,,,d,1,http://world-en.openfoodfacts.org/product/3596710404063/jus-d-ananas-a-base-de-concentre-auchan,https://images.openfoodfacts.org/images/products/359/671/040/4063/front_fr.49.400.jpg,sucre,low_sugar_snacks_breakfast,signal sucre (labels ou nutriments) + catégorie snack/petit-dej,0,0,0,Aucun,OUI
3274936601304,Jus d'ananas à base de concentré,Plein Fruit,en:pineapple-juices-from-concentrate,"Aliments et boissons à base de végétaux,Boissons,Boissons à base de végétaux,Boissons aux fruits,Jus et nectars,Jus de fruits,Jus de fruits à base de concentré,Jus d'ananas,Jus d'ananas à base de concentré,Boissons et préparations de boissons","en:low-or-no-sugar,en:no-added-sugar,en:produced-in-brittany",,Jus d'ananas à base de concentré.,9.6,,,,c,1,http://world-en.openfoodfacts.org/product/3274936601304/jus-d-ananas-a-base-de-concentre-plein-fruit,https://images.openfoodfacts.org/images/products/327/493/660/1304/front_fr.16.400.jpg,sucre,low_sugar_snacks_breakfast,signal sucre (labels ou nutriments) + catégorie snack/petit-dej,0,0,0,Aucun,OUI
76887017,farine de riz,Sans gluten pour tous,en:rice-flours,"Aliments et boissons à base de végétaux, Aliments d'origine végétale, Céréales et pommes de terre, Céréales et dérivés, Farines, Farines de céréales, Farines de riz","en:no-gluten,en:organic,en:eu-organic,en:fr-bio-01,fr:label-place-sas",,UR Te INE DE SANS GLu ET gredient: 100% Farine de riz biologique e de riz est la farine de base les préparations sans gluten&quot;,,,,,unknown,,http://world-en.openfoodfacts.org/product/76887017/farine-de-riz-sans-gluten-pour-tous,https://images.openfoodfacts.org/images/products/000/007/688/7017/front_fr.4.400.jpg,gluten,gluten_free_breads_pasta,labels_tags indique sans gluten / catégorie sans gluten,0,0,0,Aucun,OUI
3229820788487,Lait d'amande Sans sucres ajoutés,Bjorg,en:almond-based-drinks,"Aliments et boissons à base de végétaux, Boissons, Aliments d'origine végétale, Substituts de produits laitiers, Substituts du lait, Fruits à coques et dérivés, Boissons à base de végétaux, Boissons végétales, Boissons végétales de fruits à coque, Laits d'amande","en:organic,en:eu-organic,en:no-added-sugar",,"Eau, amandes 2,8%, amidon de riz&quot;, e marine Lithothamnium calcareum 0,2%, arôme rel, épaississant:gomme gellane; sel marin.",0.1,,,,b,4,http://world-en.openfoodfacts.org/product/3229820788487/lait-d-amande-sans-sucres-ajoutes-bjorg,https://images.openfoodfacts.org/images/products/322/982/078/8487/front_fr.4.400.jpg,lactose|sucre|ultra_transforme,lactose_free_dairy_or_alt,labels_tags indique sans lactose ou catégorie substitut laitier,0,0,0,Aucun,OUI
7613036352734,NESQUIK Moins de Sucres Poudre Cacaotée,"Nestlé, Nesquik",en:instant-chocolate-powders,"Beverages, Cocoa and its products, Cocoa and chocolate powders, Instant beverages, Cocoa powders, Chocolate-powders, Cocoa powder for beverages with sugar fortified with vitamins and chemical elements, en:instant-chocolate-powders","en:low-or-no-sugar,en:low-sugar,en:no-gluten,en:reduced-sugar,en:green-dot,en:nutriscore,en:nutriscore-grade-a,en:rainforest-alliance,fr:triman","en:gluten,en:soybeans","Cacao maigre en poudre (28%)*, fibres solubles de maïs, sucres, farine d'AVOINE**, émulsifiant (lécithine de SOJA) arômes naturels, vitamines (C, D). * Bilan massique certifié Rainforest Alliance www.ra.org/fr. ** Sans gluten",25,,,,c,4,http://world-en.openfoodfacts.org/product/7613036352734/nesquik-moins-de-sucres-poudre-cacaotee-nestle,https://images.openfoodfacts.org/images/products/761/303/635/2734/front_fr.189.400.jpg,gluten|sucre|legumineuses|ultra_transforme,gluten_free_breads_pasta,labels_tags indique sans gluten / catégorie sans gluten,0,0,1,Aucun,OUI
5449000034274,Jus d'orange avec pulpe à base de concentré doux,Minute maid,en:orange-juices-with-pulp,"Aliments et boissons à base de végétaux,Boissons,Boissons à base de végétaux,Boissons aux fruits,Jus et nectars,Jus de fruits,Jus de fruits à base de concentré,Jus d'orange,Jus d'orange à base de concentré,Jus d'orange avec pulpe",en:no-added-sugar,,Jus d'orange avec pulpe à base de concentré,11.6,,,,d,1,http://world-en.openfoodfacts.org/product/5449000034274/jus-d-orange-avec-pulpe-a-base-de-concentre-doux-minute-maid,https://images.openfoodfacts.org/images/products/544/900/003/4274/front_fr.5.400.jpg,sucre,low_sugar_snacks_breakfast,signal sucre (labels ou nutriments) + catégorie snack/petit-dej,0,0,0,Aucun,OUI
3229820799346,Boisson avoine sans sucres ajoutés,"Bjorg,Carrefour Bio",en:oat-based-drinks,"Aliments et boissons à base de végétaux, Boissons, Aliments d'origine végétale, Céréales et pommes de terre, Substituts de produits laitiers, Céréales et dérivés, Boissons à base de végétaux, Substituts du lait, en:plant-milks, en:cereal-milks, en:oat-milks","en:organic,en:eu-organic,en:no-added-sugar,fr:ab-agriculture-biologique",,"Eau, avoine* 11%, huile de tournesol* pressée à froid, sel de mer. * ingrédients biologiques.",4,,,,c,3,http://world-en.openfoodfacts.org/product/3229820799346/boisson-avoine-sans-sucres-ajoutes-bjorg,https://images.openfoodfacts.org/images/products/322/982/079/9346/front_fr.31.400.jpg,gluten|lactose|sucre,lactose_free_dairy_or_alt,labels_tags indique sans lactose ou catégorie substitut laitier,0,0,0,Aucun,OUI
3380380077296,Tartines craquantes bio au maïs,Le pain des fleurs,en:extruded-crispbreads,"Aliments et boissons à base de végétaux, Aliments d'origine végétale, Snacks, Céréales et pommes de terre, Tartines craquantes extrudées","en:no-gluten,en:organic,en:vegetarian,en:crossed-grain-trademark,en:eu-organic,en:kosher,en:vegan,en:eu-agriculture,en:fr-bio-01,en:green-dot,en:made-in-france,en:no-added-sugar,en:nutriscore,en:nutriscore-grade-b,fr:ab-agriculture-biologique,fr:afdiag,en:fr-011-123",,"farine de maïs* (70%), farine de riz*, sel marin",0.5,,,,c,3,http://world-en.openfoodfacts.org/product/3380380077296/tartines-craquantes-bio-au-mais-le-pain-des-fleurs,https://images.openfoodfacts.org/images/products/338/038/007/7296/front_fr.62.400.jpg,gluten|sucre,gluten_free_breads_pasta,labels_tags indique sans gluten / catégorie sans gluten,0,0,0,Aucun,OUI
3608580913856,100% Pur Jus Clémentines pressées,Andros,en:clementine-juices,"Beverages and beverages preparations, Plant-based foods and beverages, Beverages, Plant-based beverages, Fruit-based beverages, Juices and nectars, Fruit juices, Squeezed-juices, Clementine juices, en:squeezed-fruit-juices","en:no-preservatives,en:no-added-sugar,en:no-colorings",,jus de clémentines.,10,,,,c,1,http://world-en.openfoodfacts.org/product/3608580913856/100-pur-jus-clementines-pressees-andros,https://images.openfoodfacts.org/images/products/360/858/091/3856/front_fr.39.400.jpg,sucre,low_sugar_snacks_breakfast,signal sucre (labels ou nutriments) + catégorie snack/petit-dej,0,0,0,Aucun,OUI
3560071213411,Maïs doux,Carrefour,en:sweet-corn,"Aliments et boissons à base de végétaux, Aliments d'origine végétale, Céréales et pommes de terre, Graines, Céréales et dérivés, Céréales en grains, Maïs, Maïs doux",en:no-added-sugar,,"Maïs doux en grains sans OGM*, eau. sel. Contient des sucres naturellement présents.",9.2,,,,a,3,http://world-en.openfoodfacts.org/product/3560071213411/mais-doux-carrefour,,sucre,low_sugar_snacks_breakfast,signal sucre (labels ou nutriments) + catégorie snack/petit-dej,0,0,1,Aucun,OUI
3596710457472,Maïs en grains,"Auchan, Auchan Bio",en:corn-grain,"Aliments et boissons à base de végétaux,Aliments d'origine végétale,Aliments à base de fruits et de légumes,Conserves,Céréales et pommes de terre,Graines,Légumes et dérivés,Aliments à base de plantes en conserve,Céréales et dérivés,Légumes en conserve,Céréales en grains,Maïs,Céréales en conserve,Maïs doux,Maïs en conserve,Maïs doux en conserve,Maïs en grain, Aliments et boissons à base de légumes, Frais, Aliments à base de plantes frais, Légumes frais","en:organic,en:eu-organic,en:be-bio-01,en:eu-agriculture,en:fr-bio-01,en:green-dot,en:made-in-belgium,en:no-added-sugar,en:nutriscore,en:nutriscore-grade-a,fr:ab-agriculture-biologique",,"Maïs doux en grains**, eau, sel marin, antioxydant: acide ascorbique, acidifiant: acide citrique. **biologique",4,,,,b,3,http://world-en.openfoodfacts.org/product/3596710457472/mais-en-grains-auchan,https://images.openfoodfacts.org/images/products/359/671/045/7472/front_fr.48.400.jpg,sucre,low_sugar_snacks_breakfast,signal sucre (labels ou nutriments) + catégorie snack/petit-dej,0,0,0,Aucun,OUI
3760195901274,Jus 100% pruneau,Coeur de Pom,en:prune-juices,"Aliments et boissons à base de végétaux, Boissons, Boissons à base de végétaux, Boissons aux fruits, Jus et nectars, Jus de fruits, Jus de pruneaux","en:no-preservatives,en:no-added-sugar,en:no-colorings,en:no-dyes-or-preservatives",,jus de pruneaux réhydratés 100%.,14,,,,d,1,http://world-en.openfoodfacts.org/product/3760195901274/jus-100-pruneau-coeur-de-pom,https://images.openfoodfacts.org/images/products/376/019/590/1274/front_fr.4.400.jpg,sucre,low_sugar_snacks_breakfast,signal sucre (labels ou nutriments) + catégorie snack/petit-dej,0,0,0,Aucun,OUI
4622060288912,Chocolat en poudre grand arôme,Poulain,en:sweetened-beverages,"Boissons, Petit-déjeuners, Cacao et dérivés, Cacaos et chocolats en poudre, Boissons instantanées, Chocolats en poudre, Boissons avec sucre ajouté",en:no-gluten,,"Sucre, cacao maigre, beurre de cacao, arôme",67,,,,unknown,4,http://world-en.openfoodfacts.org/product/4622060288912/chocolat-en-poudre-grand-arome-poulain,https://images.openfoodfacts.org/images/products/462/206/028/8912/front_fr.4.400.jpg,gluten|sucre|ultra_transforme,gluten_free_breads_pasta,labels_tags indique sans gluten / catégorie sans gluten,0,0,1,Aucun,OUI
3083680017763,Maïs sans sucres ajoutés,Bonduelle,en:canned-sweet-corn,"Aliments et boissons à base de végétaux, Aliments d'origine végétale, Aliments à base de fruits et de légumes, Conserves, Céréales et pommes de terre, Légumes et dérivés, Aliments à base de plantes en conserve, Céréales et dérivés, Légumes en conserve, Céréales en conserve, Maïs en conserve, Maïs doux en conserve",en:no-added-sugar,,"Maïs doux en grains sans OGM*, eau, sel. Contient des sucres naturellement présents.",5.2,,,,a,3,http://world-en.openfoodfacts.org/product/3083680017763/mais-sans-sucres-ajoutes-bonduelle,https://images.openfoodfacts.org/images/products/308/368/001/7763/front_fr.4.400.jpg,sucre,low_sugar_snacks_breakfast,signal sucre (labels ou nutriments) + catégorie snack/petit-dej,0,0,1,Aucun,OUI
3608580891017,Gourmand et végétal au lait de coco,Andros,en:non-dairy-desserts,"Aliments et boissons à base de végétaux, Substituts de produits laitiers, Desserts, Desserts végétaliens","en:vegetarian,en:no-preservatives,en:vegan,en:no-lactose",,"Lait de coco allégé 58,6% (eau, extrait de noix  de coco), eau, sucre, amidon modifié de tapioca, orange 4,6%, jus d'orange 4,3%, jus de carotte 3,6%, protéines de pois, amidon, phosphates de calcium, arôme naturel, jus concentré de citron, jus concentré de carotte, épaississant : gomme guar, sel, ferments, arôme naturel d'orage, vitamine E, vitamine A, vitamine C.",9.8,,,,c,4,http://world-en.openfoodfacts.org/product/3608580891017/gourmand-et-vegetal-au-lait-de-coco-andros,https://images.openfoodfacts.org/images/products/360/858/089/1017/front_fr.4.400.jpg,lactose|sucre|legumineuses|ultra_transforme,lactose_free_dairy_or_alt,labels_tags indique sans lactose ou catégorie substitut laitier,0,0,1,Aucun,OUI
3760151013812,Cacao en poudre 1% M.G et 1% sucres,Dukan,en:chocolate-powders,"Boissons, Cacao et dérivés, Cacaos et chocolats en poudre, Boissons instantanées, Cacaos en poudre, Chocolats en poudre","en:vegetarian,en:no-added-sugar,en:nutriscore,en:nutriscore-grade-a","en:gluten,en:milk,en:nuts,en:soybeans",100% cacao fortement dégraissé en poudre (teneur en beurre de cacao : 1 %).,0.06,,,,unknown,1,http://world-en.openfoodfacts.org/product/3760151013812/cacao-en-poudre-1-m-g-et-1-sucres-dukan,https://images.openfoodfacts.org/images/products/376/015/101/3812/front_fr.34.400.jpg,gluten|lactose|sucre,low_sugar_snacks_breakfast,signal sucre (labels ou nutriments) + catégorie snack/petit-dej,0,0,0,Aucun,OUI
3165350915026,Crème de vinaigre au vinaigre Balsamique,Martin Pouret,en:groceries,"Condiments, Crèmes de vinaigre, Crèmes de vinaigre balsamique, en:groceries",en:no-gluten,,"Moût de raisin cuit, Vinaigre Balsamique de Modène (39%), (vinaigre de vin, mout de raisin cuit, colorant E150d), sucre, amidon de mais, colorant caramel E150d.",5,,,,not-applicable,4,http://world-en.openfoodfacts.org/product/3165350915026/creme-de-vinaigre-au-vinaigre-balsamique-martin-pouret,https://images.openfoodfacts.org/images/products/316/535/091/5026/front_fr.20.400.jpg,gluten|sucre,gluten_free_breads_pasta,labels_tags indique sans gluten / catégorie sans gluten,0,0,1,Aucun,OUI
3301597002383,Epicerie / Epicerie Sucrée / Compotes Et Purées De Fruits,Coteaux nantais,en:compotes,"Aliments et boissons à base de végétaux, Aliments d'origine végétale, Aliments à base de fruits et de légumes, Desserts, Fruits et produits dérivés, Compotes","en:organic,en:eu-organic,en:no-added-sugar,fr:ab-agriculture-biologique",,"kiwis* (60%), purée de bananes* (40%). *Ingrédient issu de l'agriculture biologique",12.4,,,,a,1,http://world-en.openfoodfacts.org/product/3301597002383/epicerie-epicerie-sucree-compotes-et-purees-de-fruits-coteaux-nantais,https://images.openfoodfacts.org/images/products/330/159/700/2383/front_fr.19.400.jpg,sucre,low_sugar_snacks_breakfast,signal sucre (labels ou nutriments) + catégorie snack/petit-dej,0,0,0,Aucun,OUI
5410673731036,Riz Thaï,Uncle Ben's,en:white-jasmine-rices,"Aliments et boissons à base de végétaux, Aliments d'origine végétale, Céréales et pommes de terre, Graines, Céréales et dérivés, Céréales en grains, Riz, Riz parfumés, Riz de variété indica, Riz long grain, Riz thaï, Riz blanc, Riz thaï blanc","en:no-gluten,fr:saveurs-de-l-annee,fr:saveurs-de-l-annee-2013,en:saveurs-de-l-annee-france",,100% Riz Jasmin Thaï.,0.1,,,,c,,http://world-en.openfoodfacts.org/product/5410673731036/riz-thai-uncle-ben-s,https://images.openfoodfacts.org/images/products/541/067/373/1036/front_fr.8.400.jpg,gluten,gluten_free_breads_pasta,labels_tags indique sans gluten / catégorie sans gluten,0,0,0,Aucun,OUI
3538280031515,grand arôme 32% cacao sélectionné,"Mondelez, Poulain",en:sweetened-beverages,"Beverages, Snacks, Breakfasts, Sweet snacks, Cocoa and its products, Confectioneries, Dried products, Dried products to be rehydrated, Cocoa and chocolate powders, Instant beverages, Chocolate-powders, Sweetened beverages, en:instant-chocolate-powders","en:no-gluten,en:green-dot,en:made-in-france",,"Sucre, Cacao maigre (11 % de beurre de cacao), Arôme.",67,,,,unknown,4,http://world-en.openfoodfacts.org/product/3538280031515/grand-arome-32-cacao-selectionne-mondelez,https://images.openfoodfacts.org/images/products/353/828/003/1515/front_fr.46.400.jpg,gluten|sucre|ultra_transforme,gluten_free_breads_pasta,labels_tags indique sans gluten / catégorie sans gluten,0,0,1,Aucun,OUI
